driverId,name,ssn,location,certified,wage-plan
10,Taylor Shaw,402-39-7256,"75487 Robert Creek Apt. 775
East Kentfort, MP 29582",N,hours
11,Christopher Cunningham IV,402-56-9876,"USCGC Smith
FPO AP 47925",Y,miles
12,Jeremy Torres,671-44-5486,"329 Michael Mission
Port Emily, ME 15994",Y,hours
13,Cynthia Williamson,761-91-1387,"059 Tiffany Drives
Russellshire, IL 05458",N,miles
14,Tiffany Cross,045-15-9629,"832 Cook Lake
New Chase, KY 81614",N,hours
15,Brandy Wong,838-90-5120,"58882 Nguyen Inlet
West Toddburgh, AS 75442",N,miles
16,Jeffrey Eaton,716-97-3028,"14987 Morgan Park Suite 286
Alexanderbury, IN 26147",Y,miles
17,Kevin Evans,369-53-1531,"5122 Lawrence Road
West Tammytown, IL 41994",N,miles
18,Danielle Joseph,430-32-8297,"7146 Jeremy Park
Crawfordburgh, MT 73164",Y,miles
19,John Stone,550-71-9059,"98243 Zachary Spurs Suite 441
Lake Robertbury, MS 11474",Y,miles
20,Gabriel Morales,661-26-6369,"78027 Kimberly Ports
Hernandezton, AS 42416",N,hours
21,Timothy Bradshaw,697-45-9778,"PSC 1624, Box 2946
APO AA 35080",Y,hours
22,William Sanchez,164-35-3924,"3696 Renee Islands
Lake Charleneville, VA 92608",N,hours
23,Lisa Robinson,407-78-1101,"188 Scott Union
Joneston, FL 98430",N,miles
24,Nathaniel Baker,150-96-4725,"886 Kathleen Oval Apt. 894
North Stephenland, MI 88167",N,miles
25,Ashley Hardy,452-41-9937,"67627 Berry Creek
East Nicholeland, VI 71106",N,hours
26,Amanda Leblanc,648-27-6865,"283 Victoria Plains Apt. 890
East Lindsayville, ID 50640",Y,miles
27,Lori Horn,374-94-9538,"20622 Ball Skyway
Evansview, LA 21179",Y,miles
28,Robert Stevenson,668-67-8854,"Unit 6241 Box 4764
DPO AA 26126",Y,miles
29,Ryan Hamilton,419-20-7335,"12390 Mario Mews
Amyfurt, KY 93374",Y,miles
30,Lynn Moore,829-78-7175,"9084 Timothy Plaza Suite 495
Whiteshire, CA 31394",N,hours
31,Brandy Roth,600-58-0204,"USNV Flores
FPO AP 13737",Y,miles
32,Rachael Newton,376-12-6536,"2905 Cory Parkway
Lake Lauraview, VI 05712",N,miles
33,Vincent Bennett,830-65-8629,"32293 Williams Street Apt. 998
Carolyntown, KY 99666",Y,hours
34,Kelsey Meadows,883-60-8599,"076 Shane Isle Apt. 707
Phillipschester, AL 33759",N,hours
35,Andrea Cook,311-66-5580,"360 Emily Circles Apt. 663
Ramirezton, TX 10761",N,miles
36,Cynthia Stone,693-24-2194,"8674 Perry Trafficway
Lopezmouth, TX 92270",N,hours
37,Jennifer Smith,416-05-1540,"51969 White Extension Suite 288
Port Phillip, FM 67745",Y,hours
38,Melanie Hardy,320-26-2330,"8194 Melissa Burgs Suite 528
West Johnhaven, WV 71897",Y,miles
39,Steven King,373-84-8363,"6948 Susan Lane Suite 519
South Timothyfurt, ME 72922",Y,hours
40,Miranda Webb,357-57-5645,"56765 Kristi Cliff Suite 323
West Richard, IN 35567",Y,miles
41,Emily Johnson,239-49-6961,"22065 Moore Dam
Nelsonborough, OK 69879",N,miles
42,Eric Hansen,118-78-5429,"7699 Valerie Shoals
Schmidtmouth, AS 16248",Y,hours
43,Jacqueline Morris,144-54-9966,"14046 Michael Haven
North Sherry, VA 16753",Y,hours
44,Jordan Barrett,219-99-3610,"248 Hart Meadows Apt. 305
West Jamie, VI 08748",Y,miles
45,Andrew Schmidt,044-37-7181,"668 Lee Place
Ashleyfurt, MP 60832",Y,miles
46,Jennifer Hobbs,266-86-4349,"427 Christina Mount Apt. 785
Pittsville, WA 71352",N,miles
47,Katie Trevino,865-27-5605,"907 Lopez Islands Suite 917
Boonemouth, OR 25408",Y,miles
48,Jamie Hall,600-88-6511,"396 Velez Forge
West Jameston, PR 71021",Y,miles
49,Laura Ramsey,537-42-1546,"Unit 5285 Box 0080
DPO AA 86285",N,miles
50,Anthony Tyler,103-79-0747,"PSC 9141, Box 7081
APO AE 49842",N,hours
51,Misty Warren,148-05-7531,"724 Rivera Inlet
West Julie, HI 59974",Y,miles
52,Samuel Hernandez,699-98-0935,"981 John Run Apt. 271
Joneshaven, LA 90623",N,miles
53,Cody Kramer,500-90-2826,"40617 Michelle Squares
North Robertville, MI 61174",Y,hours
54,Dylan Simmons,026-27-4178,"9273 Jay Locks
North Dianaview, IA 21721",Y,miles
55,Jason Russell,709-73-0540,"4851 Lindsay Canyon
North Pamelaview, MO 24966",Y,hours
56,Aaron Dunlap,594-63-9952,"210 Moore Crescent
New Victor, OH 04475",Y,miles
57,Meredith Hernandez,757-25-0716,"PSC 0453, Box 8602
APO AA 41596",N,miles
58,Scott Stout,611-63-4309,"5540 Angelica Well Suite 802
New Jennifer, NJ 28277",N,miles
59,Terry Anderson,343-83-5867,"79241 Kyle Villages
New Brittanyburgh, PA 74792",N,miles
60,Monica Morton,121-92-0525,"422 Olivia Plains
Richardland, SD 02581",Y,miles
61,Carl Alexander,634-37-5514,"75165 Monique Locks Apt. 633
Port Lisaview, SD 81884",N,hours
62,Corey Mills,566-35-6428,"8861 Timothy Expressway
Paulfurt, NH 45737",N,miles
63,April Mack,788-72-3945,"8495 Ronnie Ford Apt. 063
East Sarah, NH 48301",N,miles
64,Reginald Byrd,493-36-2616,"95303 Gonzalez Fields
West Rebeccabury, DE 09853",N,miles
65,Todd Carlson,775-92-5207,"PSC 9645, Box 9532
APO AE 44110",Y,miles
66,Kevin Christensen,619-66-4628,"PSC 9444, Box 9516
APO AA 68598",Y,hours
67,Lori Ashley,602-40-3262,"6197 Burton Flat
New Jenniferton, NH 71777",Y,hours
68,Chad Boone,565-64-4701,"PSC 3346, Box 3335
APO AP 88044",Y,hours
69,April Watson,190-98-5222,"22202 Page Shores
West John, DE 04050",N,hours
70,Rhonda Baker,217-57-8758,"249 Craig Ferry Suite 954
Edwardfort, GU 26190",N,hours
71,Tammy Chavez,119-13-1647,"69658 Michael Flats Suite 586
Owensville, MP 73974",N,miles
72,Olivia Arnold MD,663-46-9977,"4560 Austin Creek
East Mark, IA 17378",Y,miles
73,Monica Rice,032-70-5383,"4015 Jeffrey Turnpike Apt. 321
Davidmouth, MT 45509",N,miles
74,Brian Poole,533-34-3820,"23471 Jason Flats
Tylerhaven, GA 22109",Y,hours
75,Anne Martin,663-41-5396,"184 Jacqueline Center
Tinaside, PR 47168",N,hours
76,Samuel Adams,108-55-3667,"6000 Mendoza Hollow Suite 072
North Samanthaland, GU 66756",Y,hours
77,Christopher Rosales,057-35-4344,"449 Knox Knolls Apt. 720
Millston, HI 01922",Y,hours
78,Deanna Rodriguez,561-91-8283,"3373 Hill Grove Suite 180
Mcculloughfurt, OR 18040",Y,hours
79,Timothy Lee,311-05-1805,"7793 Elizabeth Stravenue
Masonton, CA 40665",Y,miles
80,Corey Hale,185-07-6784,"Unit 0587 Box 3651
DPO AE 56918",N,hours
81,David Miller,852-96-3063,"669 Kelly Ways Suite 983
Port Paulside, NY 23712",Y,miles
82,Hunter Stuart,752-42-6107,"35596 Brian Mount Apt. 399
Whitehaven, AZ 57429",N,miles
83,Justin Little,431-71-7953,"2839 Simmons Mountains
New Danielleland, PW 29595",Y,miles
84,Sarah Arroyo,332-61-3162,"2875 Harris Island
Carrolltown, IL 50224",Y,miles
85,Caitlin Phelps,825-52-5407,"465 Nina Ridges Suite 530
Brendaside, WY 67103",Y,miles
86,Wendy Rangel,808-63-6214,"4283 Powell Crossroad
North Micheal, CA 31630",N,hours
87,Paul Gutierrez,255-48-2715,"804 Leslie Plaza Apt. 825
Colemanborough, GA 95946",Y,hours
88,Matthew Moss,086-70-9800,"091 Anthony Neck Suite 948
South Alexandra, CO 33440",N,miles
89,Lisa Douglas,419-96-2117,"1346 Smith Mill Apt. 058
Randallmouth, ND 01734",Y,hours
90,Richard Forbes,429-70-3880,"USNV Scott
FPO AA 53396",N,miles
91,Dr. David Martinez,507-09-4000,"3659 Green Grove
East Scottshire, PR 30405",Y,hours
92,Leslie Johnson,653-23-4041,"PSC 2769, Box 5041
APO AP 26782",Y,hours
93,Desiree Griffith,740-44-9487,"PSC 6468, Box 0374
APO AA 42282",Y,hours
94,Gloria Coleman,709-43-4678,"26110 Katie Mall Apt. 272
Port Patrickfurt, WY 94498",N,hours
95,Janet Avila,310-40-9644,"7553 Jones Corners Apt. 304
Colonmouth, WV 05893",Y,miles
96,David Fletcher,313-27-3023,"2705 Wells Prairie Apt. 984
Heatherborough, NJ 74270",Y,hours
97,Charles Valenzuela,825-58-9825,"831 Amy Mall Suite 875
Atkinschester, GA 15169",N,hours
98,Hannah Porter,384-57-8107,"80269 Belinda Walk
Port Ashlee, NY 47227",Y,hours
99,Douglas Dunn,803-23-6479,"488 Charles Fields
Drewborough, AL 03656",N,hours
100,Jessica Mcguire,578-55-9162,"550 Kelly Burgs Apt. 295
Davidview, NM 94314",N,miles
101,Amy Lopez,154-52-7797,"PSC 2533, Box 1009
APO AA 83309",N,hours
102,Nicole Williams,843-23-6626,"USNS Hall
FPO AP 20648",N,miles
103,Timothy Kennedy,281-80-5954,"11831 Stafford Island Suite 539
Brownmouth, IL 63397",Y,miles
104,Valerie Reyes,051-81-4502,"44630 Kathleen Falls Suite 906
Walkerville, CT 36241",N,miles
105,Michael West,488-34-8165,"26302 Matthew Trail
Denisebury, PR 51201",N,hours
106,Sarah Kramer,715-97-9731,"2773 Kathy Neck
Downsmouth, ND 08267",N,hours
107,James Miller DVM,326-21-1173,"PSC 6776, Box 0291
APO AE 45330",N,hours
108,Eddie Ramos,255-04-0988,"89708 Timothy Hill
Annamouth, DE 18146",N,miles
109,Brandon White,511-40-6722,"56452 Melinda Light
Lake Madisonshire, DC 95714",N,hours
110,Steven Ritter,216-78-7276,"381 Jones Mount
Lake Davidtown, FL 08413",Y,hours
111,Robert Wilson,798-14-7862,"6723 Mora Ville Apt. 309
Port Tiffany, ME 87239",Y,hours
112,Christopher Flores DDS,024-50-6104,"4339 Mary Village Apt. 692
Williamsside, IA 68770",N,hours
113,Shane Avery,131-78-8719,"21170 Rodriguez Flat Suite 654
Garnerberg, NV 22054",N,miles
114,Carla Parker,425-91-3712,"Unit 2252 Box 1417
DPO AP 83034",N,miles
115,Sarah Rodriguez,565-36-0130,"612 Crystal Lights
Marshchester, ND 66260",N,hours
116,Jeremy Chan,055-90-7259,"9529 Nicole Rapids
Kimbury, DC 96979",N,miles
117,Walter Miller Jr.,287-24-4626,"1791 Gill Glens
South Keithborough, PW 47693",N,miles
118,Thomas Howe,593-61-1045,"08739 Griffin Hills Suite 172
West Melissaside, AK 78233",N,hours
119,Dr. Ronald Zhang DDS,060-76-6947,"55761 Theresa Hills Apt. 828
South Kevinberg, ID 97456",Y,hours
120,Jeremy Logan,420-63-5495,"329 Eric Crescent
Port Jennifermouth, MH 68837",N,hours
121,Erin Hamilton,709-55-4352,"USNS Jones
FPO AA 23020",Y,miles
122,David Lopez,716-57-4615,"154 Kristen Causeway
Port Catherine, FM 74407",Y,miles
123,Tyler Lamb,004-62-2355,"31271 Smith Inlet Apt. 648
North Heatherton, MT 82727",N,hours
124,Linda Allen,632-79-4760,"8669 Sharon Pines
Pollardtown, NV 22090",N,miles
125,Zachary Crawford,131-55-2047,"Unit 4108 Box 5879
DPO AA 51946",Y,hours
126,Dawn Scott,493-02-6981,"Unit 9363 Box 4232
DPO AP 40026",Y,miles
127,Jessica Holmes,433-79-9325,"1376 Bates Dam Apt. 737
Mcleanview, DE 88568",Y,hours
128,James Hawkins,437-66-0645,"USCGC James
FPO AA 44207",N,hours
129,Ronald Rodriguez,262-34-6864,"55645 Troy Lights Apt. 066
North Erikaland, NJ 69091",Y,miles
130,Steven Bullock,045-27-6693,"6446 Alexandria Drives Suite 357
Lopezberg, AL 08916",Y,hours
131,Justin Reeves,668-97-0198,"67459 Thompson Vista
Nicholsstad, SC 36898",Y,hours
132,Rebecca Davis,322-58-4734,"912 Flores Squares
West Heathermouth, GU 64647",N,miles
133,William Bennett,243-99-8303,"94442 Johnson Row Apt. 339
West Lisa, GA 49933",N,miles
134,Seth Gomez,607-26-4706,"PSC 2537, Box 3547
APO AA 62136",N,hours
135,Kevin Ingram,357-13-9044,"844 Parker Fords Suite 069
Lake Ashley, AK 94395",N,miles
136,Devin Gutierrez,798-80-5801,"1646 Darren Plaza Apt. 840
Lake Melissachester, IN 18568",N,hours
137,Natasha Johnson,006-96-6840,"761 Thompson Row
North Walterchester, AL 65998",N,hours
138,James Collins,057-32-6800,"8519 Bell Mount Apt. 914
East Christinaville, GU 09917",Y,miles
139,Michael Spence,853-73-0203,"PSC 4250, Box 5365
APO AA 58848",N,hours
140,Shane Estrada,629-09-1006,"Unit 3766 Box 7592
DPO AP 93643",N,hours
141,Paul Harris,157-87-3210,"379 Jay Road
Michaelhaven, FM 76297",N,hours
142,Shannon Jackson,896-33-9482,"19280 Bush Skyway Suite 690
West Elizabethside, GA 85605",N,hours
143,Mark Shaw,269-39-0004,"6831 Timothy Field
Robertstown, PR 37399",N,hours
144,John Woods,477-38-2880,"PSC 6983, Box 6829
APO AA 27128",N,miles
145,Elizabeth West,517-87-4593,"014 Lee Lights Suite 446
Julieberg, NH 04914",Y,miles
146,Megan Williams,661-76-5582,"477 Johnson Fords Suite 979
Lewisstad, CT 47003",Y,hours
147,Tara Nguyen,885-63-3075,"59858 Briggs Club Apt. 858
New Elizabethborough, OH 87525",Y,hours
148,Dillon Adams,548-96-3352,"18226 Gregory Junctions
Charleston, AS 97591",Y,hours
149,Mark Benson,105-88-5719,"47391 Tiffany Camp Apt. 564
Brookeland, OH 33751",Y,hours
150,Rebecca Koch,462-38-2700,"170 Miller Trafficway
Mccannberg, NE 21929",N,miles
151,Lynn Mercer,751-12-3462,"346 Bowers Prairie
Kimberlyshire, FM 42604",Y,hours
152,Steven Hubbard,508-43-0503,"934 Jordan Run
West Davidmouth, VI 50067",Y,miles
153,Patrick Ward,739-08-5302,"08246 Melissa Field Suite 683
North Jenniferchester, MA 76286",Y,miles
154,Erin Sweeney,117-77-2607,"04289 Smith Inlet
Joshuahaven, CO 67080",Y,miles
155,Heather Oliver,811-79-2654,"4257 Vanessa Rapid
West Shawnchester, ME 96628",N,miles
156,Alexandra Kim,182-78-1161,"70232 Garcia Mountains Apt. 586
Dawnburgh, OK 08016",N,hours
157,Anthony Hendricks,380-24-5612,"855 Ramirez Stream
Contrerasburgh, TX 57753",Y,hours
158,Joanna Miller,552-63-8475,"303 Rosario Extensions
Davidmouth, DE 53918",Y,hours
159,Virginia Miles,179-42-2030,"3296 Williams Motorway
Lake Debraside, WA 47298",N,miles
160,Angela Blair,442-75-1170,"59376 Matthew Corner Suite 786
Port Ashleyton, MS 61898",Y,miles
161,Kelly Gray,412-89-6797,"88526 Smith Burgs
Hendersonchester, MH 23188",Y,hours
162,David Knapp,611-17-8688,"7244 Todd Mountain
Durantown, CT 76734",N,miles
163,Carl Ochoa,065-90-4469,"089 Daniel Harbor
Tinaville, KS 15073",N,hours
164,Melissa Farmer,018-67-0124,"1723 Valdez Springs Apt. 426
West Jeffrey, AZ 50516",Y,hours
165,Christopher Cohen,356-09-9768,"886 Mary Throughway
Anthonystad, GA 74377",Y,miles
166,Danielle Brown,358-47-5542,"243 Williams Track Suite 292
Mitchellfurt, PW 41236",Y,miles
167,Julia Jenkins,659-02-6866,"02823 Adams Harbors Apt. 864
East Nancyfurt, MH 48023",Y,miles
168,Michael Allen,762-67-7065,"USNS Dunlap
FPO AP 84471",Y,miles
169,Mark Bishop,010-77-6672,"3136 Dominguez Junction
New Elizabeth, CA 66873",N,miles
170,Kim Saunders,252-56-5199,"143 Gallagher Ports Apt. 647
East Kathrynport, SD 66327",N,miles
171,Timothy Browning,730-18-6711,"93328 Nathaniel Alley Apt. 797
Jeromeberg, AZ 63329",N,miles
172,William Michael,233-93-0714,"98371 Randy Orchard Apt. 257
Port Aprilchester, WY 84415",Y,miles
173,Jacob Clark,489-99-3723,"04832 Williamson Canyon Apt. 018
South Darren, CT 68380",Y,hours
174,Nancy Stewart,896-20-7766,"1967 Smith Circle Suite 502
North Jose, MP 82963",N,hours
175,Alexandria Miles,896-01-4517,"5203 Robert Parks
Fordberg, GA 23884",Y,miles
176,Jamie Lee,789-29-0302,"92858 Hernandez Drive
New Tyler, GU 35937",N,miles
177,Kimberly Brown,423-34-0011,"921 Butler Ramp
South Tracyhaven, NY 12158",Y,miles
178,Peter Porter,474-63-3822,"47716 Rivera Flat
North Claire, FL 79693",N,hours
179,Regina Crosby,308-55-7050,"380 Scott Drive
New Gina, VT 39449",N,hours
180,Donna Jarvis,721-48-3920,"2217 Butler Place
Heatherhaven, MD 05044",Y,hours
181,Sandra Stanley,363-34-1202,"4676 Megan Ports Apt. 388
New Jacqueline, HI 40205",Y,miles
182,Bradley Larsen,700-88-9532,"31451 Tina Run Apt. 152
North Matthew, LA 35653",Y,hours
183,Ricky Bailey,607-47-0294,"87331 Savannah Orchard
East Jennifer, MN 13657",Y,miles
184,Nancy Wells,869-88-8718,"468 Padilla Causeway
New Justin, DE 01598",Y,hours
185,Alexandra Moreno,471-63-5958,"36576 David Lodge Apt. 464
North Audreyville, OK 85866",N,hours
186,Michael Washington,755-57-8906,"2559 Nicole Brook Suite 859
Castillohaven, IN 26738",Y,hours
187,Jose Mills,494-57-2213,"701 Alan Ferry Suite 860
New Karlafort, IL 66848",N,miles
188,Christopher Bell,656-90-3974,"USNS Erickson
FPO AP 94890",N,hours
189,Tyler Lee,158-32-9302,"24578 Benton Villages Apt. 617
East Jason, PR 77344",Y,hours
190,Debra Burns,293-21-8048,"573 Patrick Heights
Dukeport, CO 28690",N,hours
191,Paul Price,286-11-5473,"5954 William Common Suite 461
Ramosfurt, NV 62822",N,hours
192,Beth Reyes,591-98-4737,"235 Snyder Pines
Patrickton, TN 57139",N,miles
193,Brian Rivers,572-35-6387,"8984 Williams Lodge Apt. 512
Lake Shelly, DE 12709",Y,miles
194,Steven Welch,356-75-3120,"326 Jennifer Valleys Suite 510
New Tammymouth, CA 68565",N,miles
195,James Lane,246-25-9684,"52659 Gregory Brooks
Staceyview, NC 06443",N,miles
196,Benjamin Scott,233-49-5599,"87760 Smith Corner Apt. 363
Lake Rodneyton, NH 86844",Y,miles
197,Robert Winters,211-46-3816,"720 Valerie Views
Samanthafurt, NV 04271",N,hours
198,Tracy Stein,004-83-1380,"559 Barry Courts
Floydport, MT 77902",Y,hours
199,Steven Barrett,863-54-7232,"1228 Taylor Stravenue
Longtown, MT 82754",Y,miles
200,David Rios,426-69-3179,"6875 Michelle Harbor
Lake Juan, IL 84497",Y,miles
201,James Davis,858-44-7054,"8158 Richard Circles
Estradastad, IN 70911",Y,miles
202,Lucas Taylor,668-70-5110,"7674 Ashley Cliffs Suite 947
West Blake, VI 37362",N,hours
203,Kevin Smith,634-42-3983,"25130 Mueller Flats Suite 862
Justinberg, SC 61849",N,hours
204,Ryan Knight,679-87-2368,"452 Beard Canyon Apt. 730
Santiagoburgh, GU 45844",Y,hours
205,Ryan Adams,489-07-1075,"191 Munoz Pike
New Brucehaven, MO 04261",N,hours
206,Roger Buchanan,346-61-7722,"5550 Larson Pike
North Yolandashire, SD 90816",Y,hours
207,Mary Dickson,575-87-9982,"35283 Deanna Trail Apt. 598
North Richardhaven, IN 31669",N,hours
208,Miss Joan George,591-87-8807,"552 Potter Center Apt. 387
East Jessicaland, PR 27136",Y,hours
209,Brandi Martinez,047-09-0908,"2225 Gonzalez Burgs Apt. 966
Griffithport, AZ 89034",N,hours
210,Nicole Gould,428-86-3115,"8470 Mcdonald Place Apt. 142
East Rebecca, PW 12945",N,hours
211,Lucas Brown,739-13-2861,"805 Coleman Road Suite 375
North Amy, WY 96114",Y,hours
212,Rebecca Mills,060-28-9821,"USS Campos
FPO AP 66773",N,miles
213,Danielle Cole,733-87-0624,"3081 Donald Squares
South Deannaberg, FM 77681",Y,hours
214,Robert Campbell,268-76-9673,"5219 Anthony Lights
Perezfurt, IN 01262",Y,miles
215,Vanessa Wilcox,765-71-2118,"5213 Darlene Orchard
Millermouth, FM 90912",Y,miles
216,Daniel Mcdonald,033-04-0101,"608 Tammy Centers Apt. 012
North Alicia, WY 62868",N,hours
217,Dustin Vazquez,356-69-3024,"663 Richmond Station Apt. 480
Lake Patricia, ND 08368",Y,hours
218,Dalton Green,130-64-7607,"17048 Jennifer Circles
New Shawnchester, ID 23180",Y,miles
219,Melinda Hanna,569-61-6803,"61965 Acevedo Land Suite 297
North Joseph, AK 09130",Y,miles
220,Judith Acosta,346-94-7588,"565 Angela Via Apt. 358
Karinashire, IL 29972",N,miles
221,James Hill,555-02-0907,"205 Robinson Avenue Suite 169
Susanstad, MI 10379",Y,miles
222,Amy Wall,386-11-2897,"33374 Weaver Turnpike Suite 418
South Kimberg, MS 72500",N,hours
223,Jody Allen,621-53-2368,"45583 Amanda Lock
North David, DC 59666",Y,hours
224,Maria Wilson,507-03-5057,"8961 Hannah Fields
South Jamesborough, KS 85691",N,hours
225,Miranda Petersen,776-34-2885,"364 Susan Dam Suite 437
Lake Lisafurt, OH 90849",Y,miles
226,Ronald Moon,880-58-0488,"Unit 1751 Box 5347
DPO AP 77011",N,hours
227,Vanessa Jones,525-26-3362,"5939 Kevin Mews
North Williamtown, ND 10316",N,miles
228,Timothy Hoffman,156-94-9587,"337 Micheal Drive Apt. 981
East Kimberlyfurt, RI 42498",N,miles
229,Benjamin Pearson,015-21-5171,"PSC 2592, Box 9116
APO AA 01724",Y,hours
230,Dr. Joseph Acosta,051-15-1217,"Unit 9887 Box 4126
DPO AE 61539",Y,miles
231,Dawn Johnson,111-04-2054,"00514 Huynh Flats Suite 552
Christinaview, IA 27506",Y,miles
232,Michael Scott,547-43-0824,"280 Alex Key Apt. 081
Port Yvonnebury, GU 35871",N,miles
233,Leslie Ford,156-98-9487,"2663 Oscar Islands Apt. 894
Samanthamouth, DE 57474",N,miles
234,Stephen Mack,193-70-5437,"4645 Salinas Meadow
Tranborough, WI 54767",N,miles
235,Danielle Ray,789-15-3288,"36284 Larsen Stravenue
Fleminghaven, ID 08871",Y,hours
236,Sara Ferguson,874-63-8683,"173 Holden Pass Apt. 410
North Christopherburgh, ND 20139",Y,miles
237,Brittney Zimmerman,434-40-8904,"93870 Schroeder Fork
East Jocelynborough, SC 43209",Y,miles
238,Kelly Williamson,777-27-6779,"490 Perez Corners Apt. 127
South Michael, AS 92730",N,miles
239,Alexander Hughes,445-46-2410,"0509 Bobby Run Apt. 681
North Emilyshire, DC 03396",Y,miles
240,Nicole Pena,656-35-3487,"194 Roberts Square
Feliciabury, AL 90624",Y,miles
241,Tony Lin,052-60-5932,"0249 Justin Shoals Apt. 978
Lake Cynthia, MO 50668",Y,hours
242,Beth Spencer,490-71-9058,"59997 Jacqueline Gateway
East Thomasberg, WY 79748",Y,miles
243,Robert Valencia,049-01-8132,"3757 Tina Fields Suite 449
North Kevinhaven, AK 52483",Y,miles
244,Anna Mcneil,869-55-7573,"494 Hernandez Avenue Suite 514
Lake Tammy, VT 71605",Y,miles
245,Adrian Ward,412-69-6739,"5849 Kaitlyn Curve
Brianfurt, WY 06293",N,miles
246,Andrew Johnson,828-85-3009,"4797 Schmidt Spur
Aprilton, PA 59468",Y,hours
247,Michael Gardner,065-27-9010,"828 Stewart Shores
Julieburgh, MS 52632",Y,hours
248,Travis Lester,253-39-2580,"137 Daniel Wells
North Victoriaside, ID 97963",Y,hours
249,Michelle Miller,400-83-1601,"40170 Navarro Park
Johnsonville, UT 06514",Y,hours
250,Kristy Sanders,046-83-2571,"20128 Daniels Burgs
New Anthonychester, MT 14055",N,miles
251,Amanda Orozco,849-60-0476,"0723 Frank Stream
Port Holly, DE 16553",Y,miles
252,Miguel Phillips,647-52-4473,"0746 Allison Underpass
Port Richard, VI 48360",N,miles
253,Edward Martinez,788-04-7666,"82587 Jamie Parkway Apt. 999
Maryport, IA 78083",Y,miles
254,Jeffrey Frey,171-38-7162,"46076 Cesar Mission
Lake Joseph, MI 61340",Y,hours
255,Christy Thompson,280-29-1572,"55368 Anthony Underpass
Leburgh, NH 05651",N,hours
256,Michelle Walker,643-02-7238,"532 Henderson Lock Suite 187
New Kaylaport, IA 81574",N,miles
257,Alexander Johnson,006-53-3564,"83317 Braun Creek Suite 415
Caldwellburgh, NH 95245",Y,miles
258,Emily Smith,644-70-4997,"778 Chambers Forge Suite 442
East Heatherstad, PR 56814",N,hours
259,Caleb Mitchell,259-87-1470,"60088 Kimberly Loop
Jamesfurt, MO 48838",Y,miles
260,Annette Baker,753-72-5697,"8332 Thomas Trace
West Joelmouth, CA 71944",N,miles
261,Jennifer Brown,292-69-4890,"35431 Daniel Radial Suite 388
South Brendaview, IN 26746",Y,hours
262,Troy Davies,440-53-5732,"USCGC Ramirez
FPO AE 53587",N,hours
263,Dawn Sparks,732-01-7914,"1616 Linda Keys
Watsontown, MN 78362",Y,hours
264,Joseph Porter,202-77-5081,"385 Guzman Tunnel
Corystad, PA 43047",N,hours
265,Natalie Nixon,216-80-0739,"9257 Randall Cove Apt. 839
Crystalfort, WA 40139",N,hours
266,Raymond Chaney,477-83-6361,"Unit 5151 Box 1912
DPO AE 40913",N,hours
267,Edwin Hatfield,077-71-4130,"994 Patrick Terrace Apt. 170
New Brooke, VT 32300",N,miles
268,Sarah Ingram,771-01-7942,"783 Roger Camp Suite 968
Lake Toddside, MA 02375",N,hours
269,Jennifer Thomas,101-55-2142,"27760 Powell Locks
Bryanland, NC 20329",Y,hours
270,Peter Hines,788-22-0430,"89223 Mills Port
Lake Andreaport, AR 79486",N,hours
271,Mrs. Dominique Salas,379-75-0498,"470 Daniel Radial Suite 593
New Regina, CA 47060",Y,hours
272,Judy Rodriguez,291-30-0033,"Unit 9875 Box 3300
DPO AP 71763",Y,hours
273,Donald Frank,724-06-4902,"Unit 4960 Box 8950
DPO AP 86349",N,miles
274,Sean Sanchez,156-23-8431,"6292 Vicki Square Apt. 558
South Janet, DE 80685",Y,miles
275,Mrs. Cynthia Owens,321-55-7581,"Unit 2837 Box 2921
DPO AA 79679",Y,hours
276,Debra Young,413-25-7311,"941 Dodson Well
Port Angelaside, IL 40840",N,miles
277,Alan Frazier,454-02-0730,"986 Brooks Shore
West William, DE 46418",Y,miles
278,John Newton,589-72-5611,"2870 Kelly Meadow Apt. 438
South Gabrielfort, PW 93901",Y,hours
279,Christopher Brown,080-41-9885,"4512 Allen Mall Apt. 073
New Charleschester, RI 41103",Y,miles
280,Tiffany Williamson,811-24-6007,"6081 Edward Valley
Nixonstad, VA 04204",N,miles
281,Drew Chambers,376-24-3530,"2075 Michael Field
Emilyborough, OK 82576",Y,miles
282,Jimmy Anderson,035-74-8139,"USCGC Thomas
FPO AP 06701",Y,hours
283,Wesley Wade,812-82-0394,"243 Wilson Grove
Carlaville, NJ 23965",Y,miles
284,Laura Dixon,328-68-7665,"3789 Ashley Cliffs Suite 632
Stewartton, FM 45809",Y,miles
285,Tracey Conner,827-65-4654,"824 Crystal Meadow Suite 137
Millerborough, CA 88299",Y,hours
286,Charles Francis,495-06-9590,"595 Matthew Meadow Suite 054
Charlestown, MP 31373",Y,miles
287,Dana Reed,050-96-6929,"9651 Calderon Summit Suite 854
East Sean, PR 78426",N,miles
288,Gabrielle Ortiz,307-46-7465,"6040 Christine Crossing
Lake Jose, PR 66776",Y,miles
289,Wayne Hoffman,468-86-2760,"PSC 3186, Box 2316
APO AE 23746",Y,miles
290,Ryan Howard,657-51-7132,"212 Williams Greens
Port Dianabury, WA 21305",N,hours
291,Melvin Jordan,020-06-5044,"636 Dixon Mountain
Port Brianshire, PW 08622",N,miles
292,Derek Wright,563-89-2481,"9318 Wesley Dam Suite 082
North Jimmyhaven, ND 06160",Y,hours
293,Christopher Good,667-93-9410,"6369 Espinoza Points Apt. 929
Clarkhaven, TX 19012",N,hours
294,Steven Rhodes,124-28-1921,"Unit 3592 Box 9464
DPO AP 47493",N,hours
295,Amanda Garza,327-58-7309,"796 Figueroa Street
Kevinshire, VI 79096",N,hours
296,Michael Weber,260-64-1169,"313 Jones Falls
Petersenberg, NH 94654",Y,hours
297,Carly Wolfe,692-60-2871,"USCGC Stone
FPO AE 51362",N,miles
298,David Davis,804-84-8024,"1355 Edward Plaza
Lopezland, ME 25912",Y,miles
299,Jason Richards,311-20-7574,"92832 George Fall Apt. 847
South Jeremy, OH 74471",N,hours
300,Debbie Rogers,689-17-4993,"49060 Jennifer Villages
New Travishaven, DE 95177",N,miles
301,William Graham,188-17-4419,"39879 Gonzalez Islands
West Melissaton, MD 09315",Y,miles
302,Jaclyn Bailey,552-04-0334,"346 Davis Place
Tinastad, DE 09784",Y,miles
303,John Garner,859-16-2197,"7564 Tara Dale
Austinhaven, ME 47856",Y,hours
304,Howard Sanchez,271-76-3845,"871 Cassandra Ports Apt. 933
Ericksonburgh, PW 99891",N,miles
305,Joseph Harris,370-02-9315,"85114 Joseph Station
Emilytown, AZ 39724",Y,miles
306,Jill Donaldson,852-90-0946,"35685 Simmons Turnpike Apt. 726
North Brittanyview, VI 45194",N,miles
307,Tyler Smith,725-95-5822,"5113 Davis Radial Apt. 345
East Ashleyshire, NV 98383",N,hours
308,Andrew Williams,076-72-8395,"377 Amy Manors
Port Betty, CO 03565",N,hours
309,Kurt Bennett,551-20-1012,"86416 Christy Inlet
South Stacy, AS 70598",N,hours
310,Emily Andrews,765-24-4454,"493 Wall Lock Suite 325
New Kyle, MN 65958",Y,miles
311,Megan Fernandez,355-57-6107,"0193 Chan Corners
Santosside, KS 59998",Y,hours
312,Daniel Stokes,479-69-9699,"391 Jody Passage Apt. 132
South Kylie, MS 19852",Y,miles
313,Nicole Berry,026-79-3546,"951 Mckinney Ranch
New Nicholas, KS 71189",Y,hours
314,Terrance Phillips,567-67-7497,"7675 Payne Neck Suite 140
North Jeffreybury, ID 36463",Y,miles
315,Juan Sanchez,091-73-7899,"90550 Coleman Island Apt. 050
East Jennifer, PW 82524",N,hours
316,Dr. Kevin Thomas,335-75-8776,"295 Amy Vista Suite 273
New Richardport, CA 17854",Y,hours
317,Briana Mueller,209-37-2881,"86011 Ronald Ports Apt. 924
Ramirezland, DE 69444",N,miles
318,Charles Kelly,392-22-9958,"6022 Watson Ports Apt. 042
East Maureenshire, SD 24554",Y,hours
319,Laura Anderson,465-59-9100,"7792 Gregg Oval
Johnborough, AL 95435",Y,miles
320,John Larson,768-29-8475,"698 Austin Green Apt. 868
North Brian, DE 24463",Y,hours
321,Kevin Fleming,024-67-6288,"79106 Harris Mission Apt. 029
Madisonton, VI 93658",N,hours
322,Alexis Lawson,613-08-9027,"1695 Rios Stream
Williamstown, WI 62664",Y,hours
323,Patrick Avila,514-71-3210,"578 Turner Terrace
Wagnerton, MP 45262",Y,hours
324,Cynthia Woodard,205-55-9276,"49589 Jared Mill Apt. 065
Stevenfort, NE 85965",Y,hours
325,Casey Parks,032-67-3245,"636 Middleton Brooks Suite 893
Lopezton, SC 47973",N,hours
326,Tiffany Snyder,572-29-5037,"007 Zachary Corner Apt. 010
Morrisonmouth, PR 78469",Y,miles
327,Aaron Dawson,862-34-4318,"60510 Cortez Inlet Apt. 790
Amytown, VI 89958",Y,miles
328,Leslie Allen DDS,749-97-8327,"6425 Mora Forks Apt. 704
Michaelchester, DE 93560",Y,hours
329,Jordan Williams,738-91-4546,"838 Brown Lakes Suite 294
Garciachester, MI 52170",N,hours
330,Joseph Watts,465-45-4477,"1218 Brittany Drive
Coreymouth, VA 27015",Y,miles
331,Kristen Brown,357-57-2047,"368 Marc Wells Suite 501
Vegabury, NE 32105",Y,hours
332,Brittany Vaughn,782-31-0040,"1861 Smith Junction
Autumnberg, VT 68717",Y,miles
333,William Krueger,058-91-5764,"Unit 8071 Box 9639
DPO AA 19827",N,miles
334,Kimberly Zavala,373-31-0075,"179 James Vista Suite 469
North Johnfurt, WY 43630",Y,hours
335,Alicia Thomas,847-43-3979,"3512 Glenn Skyway
East Susan, OH 02599",N,miles
336,Tommy Welch,139-44-7491,"421 Rebecca Ville Suite 436
Chelseaberg, OH 52093",N,hours
337,Mindy Johnson,303-55-1074,"041 Amy Crescent Suite 734
Lake Gabriela, MT 83698",N,miles
338,Dawn Love,513-60-7569,"1863 Jones Vista Apt. 869
Port Alexander, HI 45449",Y,hours
339,Darius Garcia,853-71-7429,"78920 Stout Junctions
Beverlyburgh, AR 95747",Y,hours
340,Keith Warren,318-93-8348,"95545 Matthew Crossroad
Alexandraport, IA 96486",Y,hours
341,Lynn Strickland,268-95-1335,"Unit 1578 Box 6829
DPO AA 42503",N,miles
342,Sylvia Dougherty,620-22-7140,"Unit 6749 Box 3290
DPO AA 91215",Y,miles
343,Tony Copeland,679-29-7728,"668 Angel Station Apt. 555
Reedmouth, NY 18728",N,hours
344,Matthew Smith,814-04-7829,"505 Susan Well Apt. 775
Kathyburgh, MH 30281",N,hours
345,Regina Price,677-49-9136,"9064 Kimberly Mills
Wanghaven, AR 12100",N,miles
346,Shannon Vega,809-41-0267,"57942 Cindy Greens
Lake Larry, VI 52627",N,hours
347,Kathleen Fisher,242-46-2033,"118 Erin Skyway Apt. 628
Jacobberg, AK 43823",Y,miles
348,Ian Ball,513-87-4861,"213 Santiago Alley
Cesarmouth, VA 80242",N,hours
349,Elizabeth Little,744-01-8975,"060 Erica Stream
Diazberg, NY 56697",N,hours
350,Lisa Brown,837-52-2397,"3600 Torres Crescent
Deborahfort, AK 81388",N,hours
351,Brandon Randolph,196-80-3080,"4742 April Lakes Suite 033
Sullivantown, ME 33543",N,hours
352,Nicholas Davis,668-99-6295,"646 James Cliffs Suite 910
North Rebecca, MS 97691",Y,hours
353,Jerry Johnson,755-62-2186,"580 Klein Tunnel Suite 848
Dawsonville, TX 67637",N,miles
354,Nicole Schneider,516-48-7930,"30800 Gutierrez Crossroad
Roseberg, KS 15407",Y,hours
355,Kimberly Barnes,402-51-1379,"863 Wood Crest
Bradshawberg, GA 19825",N,hours
356,Vanessa Johnson,786-05-1380,"PSC 2257, Box 5496
APO AA 54177",Y,hours
357,Tony Meyer,886-42-6444,"Unit 6151 Box 4809
DPO AE 96935",N,miles
358,Melissa Parker,703-06-8437,"91172 Brown Meadows
Lake Diamondbury, NH 79939",Y,hours
359,Jeffery Garcia,017-56-2222,"6935 Moreno Dale Suite 813
New Christopherborough, PA 39047",Y,miles
360,Jennifer Sutton,399-92-0962,"662 Robinson Overpass
Krystalland, WV 84006",Y,miles
361,Ms. Natalie Valencia,680-97-3106,"62876 Hamilton Loop
Jasonburgh, VT 08906",N,hours
362,Stacey Garcia,757-11-3464,"58681 Stephen Lane Apt. 964
Millerport, ME 98765",N,miles
363,John Maddox,111-82-4008,"4950 West Brooks Suite 201
Davisfort, ND 31149",Y,hours
364,Robert Hogan,259-04-7349,"5339 Martin Junctions Apt. 024
Chaneyfort, DE 50212",Y,hours
365,Dominique Gutierrez,439-43-8355,"4539 Sean Walk Apt. 241
South Georgefurt, ME 47880",N,hours
366,Bradley Ramos,373-76-2489,"875 Sean Drive Suite 310
North Johnmouth, HI 31826",N,miles
367,Ashley Young,096-25-3320,"PSC 2990, Box 7689
APO AA 91076",N,hours
368,Matthew Simpson,733-01-0797,"384 Victor Locks
Christensenport, CA 62293",N,hours
369,John Mcintyre,675-51-7717,"4036 Michele Heights
North Sarahshire, WI 05661",N,hours
370,Mary Smith DDS,757-08-0052,"1168 Hogan Haven
Lake Paulfurt, IN 46197",Y,miles
371,Natalie Miller,507-98-2297,"PSC 6285, Box 3488
APO AA 41134",N,miles
372,Miranda Smith MD,113-91-2946,"89040 Amy Trail
Davidville, IN 75958",Y,hours
373,Roy Martin,441-42-3164,"51543 Jonathan Trail Apt. 232
Chelseashire, KS 43319",N,hours
374,Christopher Franco,089-82-6740,"888 Dean Oval Apt. 281
Perezberg, PW 78684",Y,hours
375,Matthew Mclean,471-26-2183,"1345 Smith Estates Apt. 175
West Victoria, WV 52490",N,hours
376,Robert Ramirez,354-05-7343,"53805 Thomas Station Apt. 375
New Christopherville, NY 47625",Y,hours
377,Sean Rodriguez,262-12-7075,"421 Clinton Springs
East Nicholasfort, MN 26302",N,hours
378,Kayla Smith,341-44-5312,"0208 Emily Meadow Apt. 932
New Steven, IN 34350",Y,miles
379,Carolyn Franklin,138-20-6404,"24044 Taylor Ways Apt. 827
Port Cody, SD 85218",Y,miles
380,Zachary Coleman,005-16-5344,"7713 Benitez Estates Apt. 198
East Jasontown, MD 70578",N,hours
381,Marvin Evans Jr.,305-33-1772,"6659 Erik Prairie
West Meghan, CA 18583",Y,hours
382,Amber Smith,014-87-2702,"384 Williams River Apt. 279
Daniellefort, LA 29453",Y,hours
383,Brenda Gonzalez,080-60-9903,"449 Robert Shore Apt. 408
Hayesshire, MT 95422",Y,hours
384,Rebecca Rhodes,653-21-2611,"USNS Gomez
FPO AP 18871",N,hours
385,Kevin Jones,499-90-5716,"269 Walker Inlet
West Mark, PA 09600",Y,hours
386,Tracy Marks,072-76-9560,"2352 Anderson Plaza Apt. 169
New Robertoport, CA 81967",N,miles
387,Brian Sullivan,487-30-8579,"8680 White Isle Suite 905
Patrickmouth, MS 73243",N,hours
388,Chad Stewart,166-53-5142,"36490 Amanda Mountain Apt. 195
Lake Saraborough, PA 10698",N,hours
389,Kristin Diaz,751-48-7244,"1334 Nunez Course Suite 555
Martinezmouth, PA 07419",N,hours
390,Deanna Bates,077-38-9730,"56744 Todd Loaf
Port Scott, IA 83419",N,miles
391,Christopher Gomez,742-96-0708,"890 Walter Passage Suite 853
East Lawrence, AS 50696",Y,miles
392,Amanda Ramirez,875-59-0771,"376 Carmen Light Apt. 711
North Manuel, WA 61973",Y,hours
393,Jill Knapp,855-16-7817,"9232 Lucas Stream
South Sharon, HI 00771",Y,miles
394,Mark Mills,835-18-0046,"45669 Shelley Cliffs Apt. 800
North Melissatown, OK 72314",N,miles
395,Lawrence Perkins,105-63-7342,"2143 Susan Fall Apt. 973
East Veronica, KY 28281",Y,miles
396,Kevin Sullivan,760-35-6561,"6130 Cassandra Rapids Suite 770
Alisonstad, CO 14935",N,hours
397,Robert Saunders,598-92-6869,"79937 Alexander Islands Apt. 150
New Jordanstad, MD 66503",N,hours
398,Ashley Quinn,712-98-9939,"067 Amy Lake Apt. 922
New Kathyland, KS 69001",N,miles
399,Paul Burch,070-77-1546,"8360 Amanda Village
North Martin, NC 00857",Y,miles
400,Andrew Kim,472-53-5934,"01862 Hardy Forks
South Kendratown, GU 31803",Y,miles
401,Mr. Brian Edwards,815-53-5532,"9743 Burns Estate Apt. 500
Lake Tanya, MA 27469",Y,miles
402,Dr. Craig Trujillo,329-77-2993,"009 Wright Fall
Port Anthonyfurt, MA 48946",Y,hours
403,George Jenkins,251-30-5065,"73664 Randall Drives Suite 647
Wongbury, IL 32521",N,miles
404,Matthew Davis,194-55-2233,"6327 David Viaduct Suite 876
Rollinsmouth, VT 81267",Y,hours
405,Terri Ibarra,582-54-5087,"498 Fritz Inlet Suite 313
Port Marcoville, OR 84313",N,hours
406,Cheryl Little,337-07-8027,"8880 Lewis Corners
East Rebecca, PA 16361",Y,miles
407,Penny Chen,573-43-5891,"Unit 9296 Box 4244
DPO AA 80133",N,hours
408,Hannah Ochoa,841-96-6638,"383 Brooke Island
Joditown, VA 95065",Y,hours
409,Robert Simpson,852-42-8675,"USS Caldwell
FPO AA 13392",Y,hours
410,Brandy Mays,258-83-8530,"01510 Jennifer Streets
South Wandastad, PR 60158",N,hours
411,Stephanie Peterson,312-41-3019,"3339 Jones Crossroad Apt. 494
South Cherylhaven, PA 21343",N,hours
412,Kara Gallagher,355-64-8449,"922 Amber Street Suite 995
Kevinport, AR 63425",Y,hours
413,Monica Wright MD,562-87-7077,"592 Bell Garden Suite 977
Fergusonmouth, PR 71856",Y,hours
414,Alex Clark,343-48-2982,"775 Rollins Tunnel
North Amandastad, IL 86891",Y,miles
415,Catherine King,811-01-4932,"3954 Christina Keys Apt. 684
Angelaport, MA 02122",N,miles
416,Lori Cook,691-43-6311,"1907 Kaufman Lane Apt. 027
East Kristinshire, MN 71885",N,miles
417,Deborah Kelly,629-14-4438,"9418 Nicole Harbor
Christyfurt, OH 63349",Y,miles
418,Bonnie Russell,225-25-8824,"799 Katherine Flats Apt. 803
Gallegosport, OK 96526",N,miles
419,Carolyn Sandoval,758-97-8690,"64910 Moore Squares Suite 547
Jacksonfurt, NH 41391",Y,hours
420,Richard Brown,154-87-7318,"439 Hall Knolls Suite 533
South Samantha, NY 27783",N,miles
421,Douglas Moore,878-07-5765,"1284 Lauren Unions
Humphreyland, DE 53709",Y,hours
422,David Perkins,123-14-7668,"5859 Jay Orchard Apt. 661
North Christopher, MH 93695",N,miles
423,Cameron Mitchell,416-95-2861,"16407 Tyler Meadow
East Alexander, MO 44812",Y,hours
424,Elizabeth Allen,501-06-0895,"889 Marcia Corner
Robertsonstad, DE 08606",N,miles
425,Brandon Fitzpatrick,880-59-7648,"86906 Gutierrez Plaza
Natashafurt, NJ 84753",N,miles
426,Daniel Andrews,440-07-8038,"Unit 2802 Box 0547
DPO AE 96454",Y,miles
427,Jason Smith,625-49-2578,"2646 Lawrence Roads Suite 177
Margaretside, NC 02872",Y,hours
428,Jennifer Williams,624-13-9381,"20184 Thomas Center
Michaelfurt, LA 83682",Y,miles
429,Daniel Richard,371-61-0017,"7018 Daniel Plaza
Christophershire, HI 59310",Y,miles
430,Christina Garcia,229-77-8402,"9825 Brian Squares Suite 452
Port Carolside, AL 69174",Y,miles
431,Jason Chan,850-89-8561,"943 Shelby Cliff
Port Jessicachester, NM 09970",Y,miles
432,Lori Wallace,608-60-4070,"PSC 3472, Box 4567
APO AP 92894",Y,miles
433,Mary Malone,665-60-4403,"652 Brenda Drive Suite 636
East Oscarton, ND 24380",Y,miles
434,Chelsea Gonzales,325-86-1835,"3731 Wiggins Greens
East Daniel, VT 43993",Y,miles
435,Kelly Hodge,232-73-7521,"040 Todd Pines
New Elizabeth, WI 35762",N,hours
436,Ian Williams,244-12-0866,"927 Robert Islands
Alvaradoside, PA 31960",Y,hours
437,Kenneth Ford,051-55-0447,"65846 Alicia Parks Suite 621
Teresachester, AR 95847",N,miles
438,Manuel Hill,828-85-5440,"17564 Bryan Mountain Apt. 298
East Crystal, KS 45632",Y,hours
439,Alexandra Graham,683-05-9437,"66449 Christina Summit
Fowlerland, VA 19901",N,miles
440,Carlos Berry,583-94-1366,"1921 Mendez Ports Apt. 586
North Virginia, PW 00953",N,hours
441,Kyle Haynes,565-51-5963,"93315 Gonzales Roads
Sharihaven, AS 48088",N,miles
442,Karen Wade,183-98-4710,"8373 Murphy Mountain Apt. 361
South Barbaraburgh, MT 43101",N,hours
443,Kevin Rogers,549-51-9997,"Unit 7605 Box 5102
DPO AA 45372",Y,hours
444,Patricia Keller MD,727-33-5481,"17802 Beltran Vista Apt. 181
North Stevenstad, DC 82628",N,hours
445,Becky Pena,101-05-1839,"6427 Melinda Unions
West Cynthia, IA 67229",N,miles
446,Lance Johnson PhD,760-88-4588,"191 Gray Club
South Randyshire, AZ 81666",Y,miles
447,Billy Bryant,224-49-4433,"PSC 1931, Box 0275
APO AA 76817",Y,hours
448,Gregory Kelly,743-71-5245,"8116 Jeremiah Creek Apt. 009
North Lorishire, OH 66417",N,miles
449,Margaret Adams,402-96-9017,"25184 Lucas Locks
Marquezmouth, WA 33450",N,miles
450,Dr. Brett King,169-69-1326,"9028 Torres Crossroad Apt. 165
South Jeanneland, UT 22276",Y,hours
451,Stephanie Rowe,889-52-0720,"504 Christina Well
North Brianaton, MS 47048",Y,hours
452,Jennifer Lee,413-27-0602,"6732 Seth Branch Suite 331
Alberttown, ID 91936",N,miles
453,Kyle Sloan,872-20-0425,"USS Hamilton
FPO AE 44844",N,hours
454,Daniel Walker,890-75-0049,"212 Navarro Gardens Suite 696
Victorshire, NH 76237",Y,hours
455,Carla Huber,689-14-7732,"831 Peggy Key Apt. 969
Nataliemouth, MT 63279",Y,miles
456,Ashley Powell,458-23-0026,"2957 Harrison Place Apt. 267
South Kenneth, MP 68829",Y,hours
457,David Jones,159-42-0776,"5365 Sawyer Turnpike
New Jennifer, CA 97696",Y,hours
458,Nathan Montgomery,144-51-9499,"81394 Daugherty Mountains
Johnland, NJ 21886",Y,miles
459,Curtis Davis,619-59-2117,"9719 Juan Summit
Christinatown, TX 48182",Y,hours
460,Austin West,563-36-7241,"58966 William Hills Apt. 867
New Kevintown, OK 76018",N,miles
461,Michelle Mendoza,852-16-1410,"2545 Garcia Port Suite 114
Floresmouth, DE 14046",N,miles
462,Sara Barnett,315-66-1950,"29049 Day Canyon
Paulhaven, ND 58308",Y,miles
463,Christian Smith,291-96-8909,"48737 Michelle Roads Apt. 261
South Melissa, NC 93323",N,miles
464,Casey Robles,007-62-9986,"5888 Victoria Bridge Suite 410
West Chadport, IA 01001",N,miles
465,Andrea York,448-33-6473,"7559 Coffey Crescent Suite 490
South Rachel, AZ 92789",N,miles
466,Ralph Webb,889-70-2513,"USNV Ford
FPO AA 59813",Y,hours
467,Michael Rodriguez,789-30-5710,"7700 Kimberly Greens
South Josefurt, OK 83182",N,hours
468,Robert Arnold,090-84-4988,"15189 Cohen Mountain Apt. 832
New Kendratown, WV 30183",Y,hours
469,Megan Gonzalez,880-41-9503,"86948 Jean Stravenue
Micheleland, IA 34937",N,miles
470,Susan Suarez,595-53-4167,"6698 Hicks Trail Suite 261
Ashleybury, ME 18747",Y,hours
471,Miguel Golden,375-90-3102,"0735 Kelly Stream Suite 519
Scottfort, AR 72535",N,miles
472,Heidi Gutierrez,144-68-4390,"6340 Walters Parkways Apt. 075
New Laurenbury, NJ 11409",Y,miles
473,Michelle Bell,224-12-2796,"Unit 7586 Box 4850
DPO AA 38315",Y,miles
474,Alfred Strong,404-48-5914,"18759 Haley Ridge
Perezbury, LA 06019",Y,hours
475,Brittany Shields,343-91-2384,"PSC 8198, Box 6939
APO AE 53399",Y,miles
476,Diana Bradley,731-74-8413,"706 Flowers Knolls Apt. 245
Fritzmouth, WY 40587",N,hours
477,Angela Davis,849-65-2465,"14333 Khan Stream Suite 956
South Cynthia, RI 50751",Y,hours
478,Barbara Munoz,175-09-8331,"5990 Douglas Villages
South Jenniferburgh, OK 35662",N,hours
479,Barbara Velez,420-53-6446,"577 Natasha Skyway
Carlsonport, OR 17469",N,hours
480,Vincent Young,483-64-7374,"2683 Sara Stream
North Fernando, OR 39396",N,miles
481,Desiree Hart,357-57-4974,"806 Morgan Shoal
Port Daniel, MT 59689",Y,hours
482,Christine Martinez,673-64-1018,"2301 Warren Dale
West Leslie, UT 79924",Y,miles
483,Gloria Aguilar,264-49-4737,"8452 Jean Run Apt. 456
Joshuaborough, PA 42114",N,hours
484,Crystal Burns,352-87-9386,"1556 Brett Pines
Ericatown, MI 50952",N,hours
485,Nancy Garza,122-10-0771,"885 Christopher Plaza Apt. 618
West Nicoleside, VA 16250",Y,hours
486,Sarah Padilla,351-96-7862,"5562 Kelly Creek Apt. 778
West Hannah, ND 13747",Y,miles
487,Sandra Taylor,867-57-2915,"3006 Stevens Passage Apt. 525
Davidtown, HI 96034",Y,hours
488,Christine Robertson,346-14-2348,"820 Karen Overpass Apt. 557
Jonathanfurt, AK 85823",Y,hours
489,Emily Owens,183-48-5089,"7195 Katherine Ways
Pearsonmouth, ME 16082",Y,miles
490,Molly Perry,714-22-9012,"PSC 0580, Box 2891
APO AE 48690",N,miles
491,Juan Reed,207-39-3453,"868 Long Tunnel Apt. 695
Jeffreyhaven, MD 64650",Y,miles
492,Jonathan Miller,537-72-8828,"3732 Diane Shoals Suite 743
Michaelchester, VT 11855",N,miles
493,Tina Wilson,766-48-3683,"6434 Paul Viaduct Apt. 375
Port Aliciachester, MH 68934",Y,miles
494,Kimberly Holder,310-25-4273,"68564 Kenneth Inlet Apt. 833
Kevinburgh, MT 27579",N,hours
495,Lori Costa,086-55-1199,"04508 Erin Port
Fullerfurt, MD 79264",Y,hours
496,Cynthia Sherman,158-48-6075,"50334 Brooks Circle Suite 483
New Victor, IA 14360",N,miles
497,William Parsons,647-86-7212,"4017 Brown Glens Suite 589
East Paulstad, CO 06930",N,miles
498,Joseph Patrick,675-50-4566,"320 King Knolls Apt. 600
North Scotttown, MO 80090",N,hours
499,Joshua Watson,437-25-2132,"669 Smith Rapids Apt. 828
Marquezberg, MI 05577",Y,hours
500,Anthony Thornton,087-44-9243,"337 Katrina Lights
Lake Nicoleberg, WI 74235",Y,miles
501,Julie Lee,222-08-3153,"3088 Maria Ports Apt. 071
North Sarafort, CT 64939",Y,miles
502,Jerome Knight,112-06-8906,"472 Anthony Way
North Christopherland, MS 59535",Y,miles
503,Bailey Martin,541-09-6114,"Unit 8088 Box 9153
DPO AA 41518",N,hours
504,Dominique Johnston MD,585-72-7748,"3941 Alicia Via
Ashleystad, GA 75708",N,hours
505,Anthony King,263-03-7518,"582 Sims Forges Apt. 764
Richardchester, SC 36159",Y,miles
506,Jodi Orr,315-14-0737,"06381 Wanda Forks Suite 239
Tammybury, IL 68146",Y,miles
507,Jacob Gray,234-75-8762,"USNV Hudson
FPO AP 91942",N,hours
508,Samantha Thomas,097-93-8713,"78347 Catherine Streets Suite 520
Port Mary, SC 81329",N,miles
509,Brian Washington,123-63-0393,"304 Wolf Harbors
East Annette, MH 22662",Y,miles
510,Matthew Garrison,656-01-4213,"03175 Mark Falls
Lake Melissa, MA 32846",N,hours
511,Adam Brown,614-62-3084,"445 Maria Lake Suite 115
Anthonyville, ND 11326",Y,miles
512,Andrew Davis,385-18-3488,"800 Anthony Valleys Apt. 022
Hebertland, WY 37274",Y,miles
513,Nicole Bray,065-94-1002,"PSC 0100, Box 3813
APO AE 48419",N,hours
514,Laura Mckee,724-43-4053,"265 Nicole Junction
Youngtown, SC 69431",N,hours
515,Kathy Garcia,280-42-7507,"659 Castro Ports Apt. 823
Emilybury, DE 92491",N,miles
516,Andrea Thomas,278-70-0668,"807 Haley Walk Apt. 456
Kochville, PA 68045",Y,hours
517,Felicia Bowman DVM,046-27-3288,"918 Angela Rapid Apt. 971
Jonathanshire, CO 28376",N,hours
518,Brandon Washington,069-35-2364,"76823 Daniel Meadow
Simonborough, FM 64194",N,miles
519,Jennifer Stewart,114-04-6976,"788 Francisco Forest Apt. 654
Waltershire, NJ 46420",Y,miles
520,Anthony Ward,456-50-1349,"2941 Kathy Station Suite 302
Smithport, TN 90642",Y,miles
521,Amanda Hoffman,500-27-2166,"9178 David Flats Suite 907
South Amandashire, UT 54846",Y,miles
522,Julie Santana,295-21-6438,"8859 Fox Walk
Wheelermouth, AZ 33124",N,miles
523,Henry Jones,730-60-3298,"10521 Mark Fords
Port James, CO 82595",N,miles
524,Samantha Lee,348-50-2987,"6073 Joseph Corners
Mooremouth, FM 59673",Y,miles
525,Philip Hall,457-78-8793,"141 Graves Village
Wellsside, GU 92775",N,hours
526,Nicholas Bailey,822-45-9779,"3953 Jones Estates
Emilybury, MA 38213",N,miles
527,Douglas Gray,145-64-7823,"26183 Meyer Square Apt. 883
Cooleymouth, CO 96454",Y,hours
528,Darrell Garner,886-14-7334,"8992 Thomas Mills Apt. 422
New Laura, VT 09485",N,miles
529,Andrew Kemp,741-30-6883,"161 Gregory Ports Suite 093
Tonymouth, NE 73971",N,miles
530,Marcus Robinson,606-12-8438,"3015 Davenport Station
Annville, DC 02124",Y,hours
531,Lauren Bray,406-18-9986,"037 Amanda Trail
Lake Clayton, MI 76872",Y,miles
532,Christopher Tyler,280-49-5089,"605 Underwood Fords
East Jasonmouth, OR 86380",Y,hours
533,Monica Mckay,340-08-8988,"799 Brandon Road
Justinport, MD 98800",Y,miles
534,Monica Chavez,183-17-6536,"2984 Todd Fields Apt. 028
East Michele, MN 43615",N,miles
535,Shelby Stevens,464-79-6584,"49583 Ortiz Place Apt. 895
Lake Lindsey, NM 31288",N,hours
536,Gregory Stevens,325-25-4276,"PSC 4787, Box 1628
APO AA 34545",N,hours
537,Leslie Byrd,265-89-9547,"352 Cherry Forest
Michelleton, AR 33885",Y,hours
538,Rebecca West,207-44-7357,"4161 Mark Port
East Mitchell, MS 96669",N,miles
539,Tracey Johnson,259-79-7892,"36399 Hughes Station
East Patricia, WI 69314",Y,miles
540,Roy Carpenter,160-06-0855,"045 Olson Centers
Laurafurt, AL 27357",Y,hours
541,William Chavez,318-84-9324,"56297 Morris Walk
New Alanborough, KY 55856",N,hours
542,Anna Higgins,179-90-2269,"423 Jared Curve Suite 822
North Frankchester, RI 70678",Y,hours
543,Stephen Davis,377-51-2179,"7709 Owens Green Apt. 364
New Justinmouth, ME 41572",Y,hours
544,Mr. Garrett White,190-28-1884,"0879 Jordan Point
Lake Kellyborough, WY 82884",Y,miles
545,Mary Lopez,077-76-5204,"20201 John Causeway Suite 517
West Andrew, NE 06184",Y,miles
546,Jennifer Giles,782-84-2971,"256 Yang Passage Suite 649
Lake Matthew, NH 22086",N,hours
547,Nancy Mays,664-88-3472,"320 Heidi Dale Apt. 662
Lake Rebeccaburgh, OH 98754",N,hours
548,Autumn Morgan,118-61-1502,"9154 Kirk Light
Rossberg, CT 24431",Y,hours
549,Charlotte Singleton,022-87-1990,"05697 Jason Cliff Apt. 898
Martinside, IL 53459",N,hours
550,Nicole Hernandez,707-95-3058,"5133 Ponce Forge Suite 933
Tracymouth, AR 98710",N,hours
551,George Blair,729-36-4979,"7239 Rangel Locks
East Kelseyland, PA 85356",N,hours
552,Connie Soto,023-39-6817,"86181 Cruz Drive Suite 957
Amandaville, NJ 53723",N,miles
553,Cassandra Mcclain,475-85-1475,"2741 Kellie Vista Apt. 449
Jamesmouth, RI 92126",Y,miles
554,Matthew Phillips,828-63-5293,"3528 Hernandez Freeway Suite 573
Elizabethborough, AK 59433",N,hours
555,Brian Ward,723-71-0945,"6607 Wang Place Suite 394
Marvinville, FM 32207",Y,miles
556,Scott Smith,529-05-8170,"94113 Estrada Drive
Taylorport, WI 20935",Y,miles
557,Devin Francis,181-30-2755,"054 Davis Spurs Apt. 540
Port Jessicaview, CA 71322",Y,miles
558,Mrs. Ashley Gomez,794-03-1940,"19859 Trujillo Meadow Suite 738
Lisamouth, MO 69236",Y,hours
559,Jose Harvey,381-42-3666,"5660 Wiley Mission Apt. 860
Huffbury, AR 94359",Y,hours
560,Eric Smith,028-67-4675,"4397 Jennifer Summit Suite 374
Port Jeffrey, DE 56766",Y,miles
561,Christopher Patton,549-22-6521,"23544 Mark Way Suite 611
South Emily, WA 64800",N,hours
562,Rebecca Riley,324-53-0197,"515 Jones Fall
Kennethville, NC 45410",Y,miles
563,Michael Howard,393-15-2090,"57677 David Corner Suite 755
Markchester, PW 68149",Y,hours
564,Tyler Terry,852-83-7038,"64693 Ayala Road Apt. 958
Lake Kimberly, OH 08248",N,hours
565,Lawrence Richmond,673-25-9289,"1938 Mclaughlin Garden Apt. 308
Ramirezstad, NY 67232",N,hours
566,Julie Rice,661-79-7915,"933 Cheryl Gateway Suite 643
South James, TN 68826",Y,miles
567,Pamela Parker,656-55-6275,"23429 Andrew Row
Danaland, MT 38305",N,hours
568,David White,855-04-1014,"072 Julie Trail Suite 800
Lake Neil, DE 08863",N,hours
569,Sean Thornton,258-28-6535,"PSC 2913, Box 1805
APO AP 23621",Y,hours
570,Jason Smith,638-80-7492,"39430 Michele Falls
Susanport, MD 37929",N,hours
571,Amy Johnson,148-73-6519,"954 Jillian Mountain
East Stevenland, OR 02609",N,hours
572,James Evans,605-28-1110,"472 Eddie Fall Suite 290
Douglasland, TX 23794",N,miles
573,Stephanie Grimes,865-91-1912,"106 Chen Vista
Dayfurt, UT 11178",Y,hours
574,Jeremy Hoover,462-69-7371,"305 Lynch Estates
Jamesfurt, PW 45613",Y,miles
575,Brenda Smith,787-96-8927,"04085 Daniel Way Suite 974
Lake Lisafort, IA 83642",N,hours
576,Nicole Gibson,027-41-2554,"3505 Sean Squares
Rogerston, MH 83480",N,hours
577,Patty Wells,022-50-5454,"3145 Krista Shores
North Markfort, IL 84971",N,miles
578,Theodore Martinez,566-24-6689,"17261 Teresa Path Suite 224
North Briannaview, UT 93131",Y,hours
579,Diane Robinson,808-60-2672,"065 Williams Circles Suite 444
Lynchchester, AS 91853",Y,hours
580,Rebecca Bond,487-99-5864,"11932 Lee Cliff
Hawkinshaven, NJ 58292",Y,hours
581,Mark Johnson,359-37-0815,"40249 Luis Mountains Suite 480
Conradborough, NM 18646",Y,miles
582,Susan Jordan,439-58-8120,"0731 Thomas Inlet
Port Emily, MS 92372",Y,miles
583,Angela Miller,522-47-4732,"57167 Sean Glen Apt. 567
Adkinsstad, MS 71680",N,miles
584,Bridget Cole,082-43-3267,"6672 Maria Lodge Apt. 186
Adrianaburgh, AR 37651",Y,hours
585,Michael Hopkins,850-17-3331,"USS Clark
FPO AP 16150",N,miles
586,Debra Melendez,675-74-1887,"676 Megan Lane Suite 654
South Andrewchester, CA 48617",N,hours
587,John Henderson,492-95-9151,"68883 Hayes Lake Apt. 365
Mindymouth, VA 43095",Y,hours
588,Hunter Reynolds,595-58-6352,"739 Angela Row
New Staceyport, DC 88563",Y,miles
589,Danny Mitchell,433-69-3038,"99116 Robert Center Apt. 691
South Paulbury, MA 37460",Y,miles
590,Ian Castro,824-03-0439,"2707 Matthew View
Toddbury, TX 54592",Y,hours
591,Gloria Smith,307-94-0453,"8755 Reyes Street
East Edward, KS 19611",N,hours
592,Jennifer Grant,416-59-1124,"PSC 9782, Box 0462
APO AP 52986",N,miles
593,Andrew Jordan,721-87-9062,"1982 Bishop Locks
Port Jennifer, AK 30781",N,miles
594,Kimberly Allen,442-70-7242,"896 Diana Wells Suite 141
New Cody, VI 37888",N,miles
595,Anthony Bennett MD,514-36-4293,"555 Tim Grove Apt. 826
Hubbardview, AL 80846",N,hours
596,Mary Santana,091-15-3571,"576 Joseph Vista
Port Paul, GU 21588",Y,miles
597,Joshua Black,471-40-9723,"2143 Rebecca Skyway Apt. 422
Taylorfurt, IN 71475",N,hours
598,Julie Ferrell,494-59-6194,"2181 Mitchell Islands
Port Robert, LA 42884",Y,hours
599,Jerry Smith,707-20-2005,"7588 Kimberly Fields
Lake Robertfort, CT 90829",N,hours
600,Melissa Jones,010-41-7485,"0389 Paul Plains
Perryburgh, FL 87907",N,hours
601,Angela Duncan,839-59-3523,"78150 Christopher Fords
Larryberg, PR 15745",Y,hours
602,Kevin Hernandez,309-36-1334,"21348 Victoria Forge
South Joshuaburgh, WV 51570",N,hours
603,Alvin Simmons,730-05-0167,"848 Morris Valley Suite 695
Torresport, GU 12086",N,miles
604,Ashley Ramirez,062-90-3155,"2691 Williams Stravenue Apt. 860
New Jeremybury, OH 43552",N,miles
605,Janet Taylor,490-73-4980,"92075 Collins Canyon Apt. 673
Port Zachary, KY 58596",N,miles
606,Jennifer Wall,111-37-4445,"54072 Lisa Ville Suite 745
Wattsview, CO 56234",N,hours
607,Sandra Lopez,843-58-8571,"8642 Harris Spurs
Tinamouth, AZ 34115",Y,miles
608,Pamela Weaver,270-77-2912,"924 Brandon Flat
Dennisborough, MN 48028",N,hours
609,John Yates,022-32-2254,"676 Lewis Station Apt. 033
Lake Kellyport, MA 46536",N,miles
610,Erik Williams,511-01-8021,"5704 White Passage Apt. 930
Sanchezport, AR 25852",Y,miles
611,David West,696-51-4310,"75160 Mcneil Valleys
West Samuel, PR 20653",N,miles
612,Sylvia Kennedy,534-25-1251,"66619 Joshua Pine Suite 061
South Tiffanyfort, ID 92521",N,miles
613,Megan Miller,116-80-0307,"433 Johnson Lights
Snyderberg, IL 88082",Y,miles
614,Charles Graham,627-98-7883,"25255 Rivers Forges Apt. 776
West Shellychester, AK 89279",N,hours
615,Jody Jefferson,336-27-8811,"20587 Turner Summit Suite 182
South Mariamouth, FM 70206",N,hours
616,Rebecca Rice,002-98-7701,"0786 Mary Field
New Samanthashire, WA 81417",Y,hours
617,Jessica Shaffer,775-63-4782,"PSC 0812, Box 9601
APO AA 17853",N,hours
618,Matthew Warner,426-41-2521,"8162 Young Stream
South Christieborough, OH 27382",N,hours
619,Andrew Kline,669-66-0628,"89307 Mark Terrace Apt. 720
Judyland, OH 06618",N,hours
620,Carol Rowland,033-64-4299,"65994 Mcmillan Square Suite 782
South Lisafort, DE 35661",N,hours
621,Stacy Fitzgerald,586-99-7936,"8550 Mccormick Rue Suite 274
West Toddville, AL 19530",Y,miles
622,Michelle Baldwin,076-75-8235,"6273 Carlson Plain
Lake Richard, NY 71215",N,hours
623,Michael Mahoney,066-13-3362,"15057 Rich Vista
Bonnieborough, FM 56625",Y,miles
624,Daniel Alvarez,212-10-4009,"4968 Martin Greens Suite 131
South Abigail, VA 46709",Y,hours
625,Joshua Le,021-58-4510,"255 Love Viaduct
Christopherborough, NM 09627",Y,hours
626,Christopher Carlson,875-14-7602,"93832 Patrick Plains Suite 840
South Joseph, TX 52602",Y,hours
627,Jenny Jones,691-54-9480,"051 Martin Plaza
New Michaelshire, KY 39454",Y,miles
628,Justin Ramirez,687-16-9243,"93846 Lisa Walks Apt. 825
Lake Lanceport, MN 19413",Y,hours
629,Amber Summers,721-95-5588,"06090 Alvarado Creek
North Kurtbury, MH 34055",Y,miles
630,Autumn Parks,633-23-2909,"10476 Christopher Crest Suite 182
Maryland, WA 79007",Y,miles
631,Wendy Estrada,744-50-0539,"USCGC Nelson
FPO AA 26860",N,hours
632,Catherine Terry,807-28-3511,"4571 John Flats Suite 866
Stephenmouth, VA 19136",N,miles
633,Caleb Young,510-17-7126,"1622 Mary Hills Suite 304
Chelseafort, MN 73963",Y,miles
634,Teresa Lee,582-15-9519,"7275 Walton Springs
Stevenstad, NH 72414",N,miles
635,Nicole Deleon,447-06-4902,"5671 Baker Vista
Kevinberg, VT 39849",Y,miles
636,Dr. Devin Diaz,151-33-9015,"53204 Holmes Plains Apt. 137
Singletonstad, DE 23289",N,hours
637,Frank Robinson,081-92-3763,"5535 Browning Squares
South Douglas, ND 78436",Y,miles
638,Bonnie Rodriguez,796-66-2684,"9888 Rachel Rapids Apt. 467
Perezstad, OH 60555",Y,miles
639,Curtis Ramirez,568-88-0987,"09084 Wilson Crescent Suite 931
Matthewland, CA 60717",Y,miles
640,Marc Morris,071-53-8391,"478 Dean Lake Suite 514
Micheleborough, WI 69961",N,miles
641,Stacy Coleman,449-27-0003,"39316 Smith Points
West Brianmouth, MH 54643",Y,hours
642,Priscilla Green,176-61-0151,"52530 Kimberly Row Apt. 528
Vegamouth, FL 97596",Y,miles
643,Cheyenne Alvarez,767-96-3912,"14413 Roberta Tunnel Suite 562
Clarktown, AS 48919",N,miles
644,Jose Hendrix,455-69-6236,"8220 Michael Parks Suite 211
New Brandihaven, MS 13434",Y,hours
645,Robert Guerrero,877-51-9510,"84007 Summers Brooks Suite 112
Lake Alexanderbury, OH 69014",Y,miles
646,Katie Bates,435-03-1109,"0715 Rocha Harbors
New Connor, WY 55600",Y,hours
647,Adam Jones,540-34-4958,"9870 Melissa Mill Suite 298
Katherinechester, TX 58583",N,miles
648,Michele Dennis,418-60-8547,"Unit 7653 Box 7985
DPO AP 45065",N,hours
649,Kelsey Vasquez,139-11-1414,"645 Anthony Ridges Suite 855
West Brendaton, NV 81888",N,hours
650,Jennifer Soto,585-05-2089,"135 Turner Shores Apt. 519
Lake Garyfurt, AL 15531",Y,miles
651,Mark Oconnor,581-09-0054,"6288 Thomas Squares Apt. 291
Jenniferside, IN 29740",N,miles
652,Brian Alvarez,724-03-9955,"01885 Webb Island
Ryanland, ND 02543",N,miles
653,Vanessa Brown,186-39-0634,"465 Emily Throughway
Port Robertshire, KY 92635",N,miles
654,James Barrera,662-37-9214,"889 Gonzalez Meadow
Isaacburgh, TX 45800",N,hours
655,Kyle Gray,068-94-9475,"81248 West Plaza Apt. 439
South Tonyberg, RI 23767",Y,hours
656,James Roberts,654-40-7121,"32283 Miller Prairie
Shawbury, OK 05769",N,hours
657,William Campbell,884-82-7402,"841 Megan Freeway
West Frank, NE 88708",N,miles
658,Travis Johnson,809-92-5591,"746 Annette Fall Apt. 276
Browntown, DC 61382",Y,miles
659,Rebecca Lopez MD,881-02-8661,"4065 Veronica Divide
South Melissashire, OK 64518",Y,miles
660,James Alvarado,136-63-9363,"7109 Pamela Centers Apt. 026
South Jeffrey, SD 05303",Y,hours
661,Debra Nelson,834-95-9122,"608 Austin Place Suite 127
West Michelleport, PR 22734",N,miles
662,Erica Beard,279-43-4541,"36109 Zachary Mountain Suite 020
West Erinfurt, DC 51625",Y,hours
663,Patricia Cooper,201-37-2275,"16615 James Trace Apt. 841
East Dawnfurt, NM 86896",Y,hours
664,Jessica Rocha,703-40-2893,"6025 Thompson Flats
Natalieville, MP 52914",Y,miles
665,Jacqueline Baird,101-43-2081,"1773 Zavala Mews Apt. 730
Kochview, MO 78685",N,hours
666,Cassandra Cox,424-07-4034,"USNV Vasquez
FPO AA 43717",N,miles
667,Stacy Richardson,173-46-3221,"73669 Myers Port
Youngfort, IL 71698",N,hours
668,Jeffrey Flores,895-57-7101,"PSC 0270, Box 9958
APO AP 81640",N,miles
669,Rachel Swanson,859-25-7929,"9977 Johnson Rapids
Port Lisafort, RI 28961",Y,hours
670,Lisa Higgins,164-96-9415,"82622 Julian Turnpike Suite 403
Lopezville, UT 45410",Y,hours
671,Joseph Jordan,793-55-8159,"07613 Brennan Trafficway
Robertsstad, MD 89221",Y,miles
672,Michael Dickson,739-37-5780,"90590 Allen Center Apt. 893
Walshville, VI 92857",N,miles
673,Sarah Nguyen,689-03-7874,"6413 Cooper Forest
Emilyfort, VI 60354",Y,miles
674,Patricia Robbins DVM,402-39-1105,"866 Nelson Bypass Apt. 568
Stoneberg, CA 79560",N,hours
675,Jason Chandler,699-40-7433,"3963 Wendy Groves Apt. 184
Lake Cassandra, NE 48994",Y,miles
676,Tina Humphrey,182-73-3132,"563 Durham Valley Apt. 917
North Markchester, AR 19879",N,miles
677,Jimmy Hughes,059-61-0134,"61845 Antonio Greens
Mooremouth, IL 01933",N,hours
678,Emily George,087-96-0896,"PSC 1912, Box 5444
APO AP 42245",N,hours
679,Kristen Berry,076-19-5586,"811 Eddie Green Suite 987
New Maryfurt, NV 33903",Y,hours
680,Richard Lang,631-13-2368,"559 Daniels Hills
New Kathy, RI 60288",N,miles
681,Ryan Smith,764-53-1770,"94175 Jacob Lights Apt. 965
West Heather, MH 66856",Y,hours
682,Michael Hood,083-43-5826,"0846 Daniel Loaf Apt. 287
North Anthony, KS 09371",Y,hours
683,James Carr,079-50-5593,"95084 Tara Ville
Fischerport, GA 54374",N,hours
684,Adrian Obrien,637-01-4444,"USCGC Gregory
FPO AP 34632",N,hours
685,Phillip Ellis,898-81-0524,"15315 Garrett Villages Apt. 338
Lopezside, NY 26115",Y,miles
686,Laura Davis,099-86-9091,"0920 John Course Suite 180
West Annabury, CT 21077",N,miles
687,Justin Mccoy,268-68-1550,"63348 Jones Garden Apt. 951
Jenkinsmouth, RI 54749",Y,hours
688,Mike David,476-25-9504,"3157 Sandra Loop Apt. 485
Burnsburgh, MS 51459",N,miles
689,Amber Brady,604-03-1655,"PSC 9951, Box 3829
APO AE 13721",N,hours
690,Tony Roman,534-51-1000,"517 Stephanie Viaduct Apt. 213
Snydermouth, VA 06814",N,miles
691,Crystal Wilson,711-65-2672,"841 Andrew Extensions Apt. 482
New Jeffrey, KS 85853",Y,miles
692,Elizabeth Taylor,172-77-3542,"8767 Chad Meadows Apt. 653
West Christinebury, CT 75049",Y,miles
693,Roger Estes,344-23-6150,"99410 Jennifer Creek
West Austinshire, WV 19480",Y,miles
694,Monica Shepard,262-72-4394,"31448 Colleen Light
West Davidfort, VT 84108",Y,hours
695,Leslie Knight,518-51-6763,"95751 Robin Crescent
Rodriguezfurt, WA 33810",Y,miles
696,Paul Lewis,804-06-2004,"332 David Point Apt. 355
Woodardborough, AS 22340",N,hours
697,Garrett Lopez,634-14-8455,"7966 Weaver Forge Suite 143
Robertbury, NH 64020",Y,hours
698,Derrick Boyle,828-96-0693,"23894 David Corners Suite 636
Marychester, IA 79864",N,hours
699,Jeffrey Montgomery,801-91-3330,"18498 Wilson Vista
Ianville, NV 65611",Y,miles
700,Jason Jones,115-53-3655,"Unit 9837 Box 1984
DPO AE 37470",Y,miles
701,Brianna Stephens,106-42-8412,"6730 Montgomery Ferry
Taylorfurt, MD 00750",Y,miles
702,Margaret Carter,717-68-8402,"3148 Dunlap Throughway
North Johnborough, FL 47647",N,miles
703,Nathaniel Spencer,420-99-4608,"185 Green Greens Apt. 592
East James, AS 36481",N,hours
704,Jeremy Taylor,586-99-0850,"6079 Stephanie Wall
Stephenside, NE 48122",Y,hours
705,Sharon Young,108-89-1192,"321 Douglas Shoal
North Kellyside, MA 22453",Y,miles
706,Dawn Martinez,357-10-4993,"640 Hubbard Circle
Port Ashley, OK 67210",Y,hours
707,Richard Richards,788-36-8948,"461 William Parkway Suite 016
Heatherside, MH 71791",N,hours
708,John Hall,815-89-9757,"6737 Sutton Mission Apt. 735
Stephaniemouth, NE 60505",N,miles
709,David Gray,422-20-9430,"984 Cooper Loaf Apt. 840
Michaelville, MI 47538",N,miles
710,Joseph Perez,351-50-6778,"328 Velasquez Underpass
New Stacymouth, DE 69457",Y,hours
711,Dillon Gibson,344-24-3517,"51937 James Port Apt. 674
Port Davidside, HI 72659",Y,miles
712,Mr. Keith Patterson Jr.,880-52-5093,"8326 Weaver Forges Suite 042
Port Jamesfort, VA 21910",N,miles
713,Angela Fernandez,841-63-0170,"306 Jennifer Drive
West Brian, UT 74699",N,hours
714,Gregory Miller,160-82-2977,"312 King Village Apt. 158
Elliotttown, AR 21529",Y,miles
715,Nicholas Peters,589-66-8878,"402 Kevin Lodge Suite 782
North Josephland, WY 64248",N,miles
716,Veronica Richmond,446-70-2345,"492 Jamie Drive
East Jill, VT 75835",Y,miles
717,Christine Benson,234-01-1664,"9143 Fields Divide
West Kathryn, NV 74233",N,hours
718,Stephen Hunter,484-74-3105,"2174 Stone Plaza
West Dominiquehaven, RI 12792",Y,hours
719,Matthew Ingram,218-30-7229,"917 Parks Via
New Jeffreyhaven, KS 90620",Y,miles
720,Jeffery Guzman,475-34-5594,"93813 Tara Path Apt. 838
Nicholasmouth, OR 31164",Y,miles
721,Ricky Gentry,043-15-2398,"64585 Anderson Drives
West Gary, TX 94644",N,miles
722,Savannah Brown,041-53-1049,"71796 Barton Spur Apt. 959
Lyonsville, TX 26700",Y,miles
723,Christopher Smith,019-07-1410,"555 Hernandez Squares Apt. 576
Chambersfort, SD 89063",Y,miles
724,Jeffrey Miller,541-04-7549,"59620 King Trace Suite 278
East John, TN 54695",Y,hours
725,Joseph Farmer,534-65-0866,"1226 Ortiz Stream Suite 338
Pricefort, IL 80749",N,miles
726,Leonard Trevino,095-71-1262,"Unit 5630 Box 9112
DPO AE 73207",N,miles
727,Russell Long,288-04-7214,"4482 Cruz Plaza Suite 611
Burkeview, TX 61118",Y,hours
728,Alice Ford,516-66-1356,"516 White Wells
Allisonfurt, TX 62331",Y,miles
729,Lisa Garcia,615-45-1202,"7500 Perry Cove Suite 938
Kimberlytown, CT 89813",N,miles
730,Cindy Nunez,519-06-5386,"237 Curtis Shoals
Lake James, MA 99818",N,hours
731,Brandy Glass,006-35-9833,"8446 Michael Pines
East Danielmouth, WV 59042",N,miles
732,Steven Hart,069-87-3980,"6275 Smith Haven Apt. 421
Port Carlos, NM 34838",N,miles
733,Paul Randolph,250-31-4109,"Unit 1737 Box 5565
DPO AA 25106",Y,hours
734,Jennifer Jimenez,507-14-9181,"739 Jackson Village Apt. 628
Smithchester, ND 71758",Y,miles
735,Sarah Green,705-68-2575,"645 Cabrera Club
East Michael, KS 28736",Y,hours
736,Shannon Hale,277-39-7171,"07388 Lloyd Courts Suite 210
Davidside, GA 46663",N,miles
737,Brooke Jones,505-90-9492,"83193 Carr Ways
Tracyberg, PR 76923",N,hours
738,Donna Green,877-43-0642,"881 Desiree Alley Apt. 015
Taylorton, MA 45552",Y,miles
739,Christine Schneider,467-16-6863,"820 Angela Mission
Johnberg, NC 24548",N,hours
740,Russell Ochoa,292-81-6315,"80028 Ryan Rue Suite 621
Lake Karl, NC 26143",N,hours
741,Vanessa Meadows,466-80-3322,"7570 Kirk Trace
Smithhaven, MP 69293",Y,miles
742,Cory Joyce,733-06-3419,"9903 Diana Summit
Jacobmouth, NY 81738",N,hours
743,Marcus Case,106-39-1556,"149 Catherine Lake Apt. 156
Andreahaven, WY 16876",Y,hours
744,Kelly Vasquez,685-87-1204,"800 Lisa Meadow Suite 523
Brucestad, AL 34994",Y,miles
745,Brianna Hampton,741-29-4707,"99756 Boyd Grove Apt. 173
Joestad, ME 59919",N,miles
746,Valerie Evans,350-49-6900,"12936 Fritz Avenue Suite 125
Chandlerport, NE 22838",Y,miles
747,Rebecca Moore,220-73-4951,"9179 David Plains
Collinsport, AR 04392",Y,miles
748,Brandon Mccormick,068-74-8334,"73534 Raymond Throughway
Lake Justinport, NC 30341",Y,miles
749,Michael Austin DDS,596-60-4878,"5269 Elizabeth Run
Maynardfort, CA 47994",Y,miles
750,Matthew Morgan,129-03-9344,"834 Coleman Drive Apt. 771
South Scottville, ND 33598",Y,miles
751,Nicole Kennedy,227-28-2691,"3211 Darin Lights Apt. 620
Tracibury, KY 40266",Y,miles
752,Jeanette Dorsey,207-37-9413,"018 Carol Ridges Suite 268
West Lauren, AS 42268",N,hours
753,Kimberly Chen,304-04-1300,"977 Nolan Flats Apt. 827
Gregorymouth, NE 44725",N,hours
754,Michelle Mooney,704-14-3425,"808 Robin Path Apt. 144
Port Steven, FM 58840",Y,hours
755,Kimberly Mckenzie,831-87-1718,"Unit 6478 Box 0340
DPO AA 33463",Y,miles
756,John Greene,021-25-9796,"3193 Kylie Glens Suite 302
Pacemouth, ID 41888",N,miles
757,Valerie Harmon,487-49-4039,"754 Vargas Valley Suite 253
Amandaborough, IA 95981",N,hours
758,Andrew Berg,539-19-0998,"12303 Benjamin Ridges Apt. 519
Andrewburgh, PR 17157",N,hours
759,Ashley Lawrence,041-68-8689,"85934 Taylor Islands
North Danielberg, AL 99778",Y,miles
760,Ashlee Hamilton,893-43-0249,"586 Michael Lane Apt. 965
Lake William, MT 31679",N,hours
761,Nina Kelley,693-38-4175,"726 Coffey Divide
New Melindaside, AK 06366",Y,miles
762,Pamela Bullock,437-08-2097,"4637 Rosales Shoal Apt. 702
East Jillian, PA 45465",N,miles
763,Joseph Thomas,021-72-0745,"21677 Patrick Meadows Apt. 276
Kylehaven, NH 94291",N,hours
764,Dustin Garcia,815-87-5500,"43915 Lewis Cliffs
Port Courtney, PR 18125",Y,miles
765,Elizabeth Fox,136-06-3161,"22133 Reeves Circles Apt. 483
Matthewland, OK 39300",Y,hours
766,Laura Edwards,494-68-1236,"21447 Ruiz Skyway Suite 559
Saraside, OH 33371",Y,miles
767,Alexandra Young,591-03-1898,"USNV Mason
FPO AE 83738",N,miles
768,Gerald Henderson,821-71-6202,"Unit 5609 Box 6514
DPO AA 65343",Y,hours
769,Miranda Smith,674-59-5769,"Unit 4207 Box 1978
DPO AP 08033",N,miles
770,Nicholas Rodriguez,317-82-0316,"Unit 6041 Box 9650
DPO AE 28318",N,hours
771,Karen Arnold MD,117-78-1912,"0704 Johnson Lodge
Ryanchester, MP 84317",Y,miles
772,Robert Phillips,681-51-5237,"1046 Melissa Curve Suite 514
Lambury, PR 28500",Y,hours
773,Dale Reynolds,699-53-9295,"7288 Madison Flat
Thomasside, UT 48166",N,hours
774,Matthew Duran,179-19-7115,"72674 Reed Square Suite 922
Reedland, AZ 69439",Y,hours
775,Christine Harding,104-73-1790,"838 Vickie Terrace
Jamesmouth, MS 92025",Y,miles
776,Angelica Pratt,379-56-4549,"58863 Michael Brook Suite 887
Lake Joshuachester, FL 14606",N,miles
777,Brittany Reynolds,068-13-2403,"8428 Richard Union Suite 364
Douglashaven, DE 90285",N,hours
778,Mr. Adam Norton,749-53-0630,"94343 Michael Underpass Apt. 220
Moorebury, WA 83323",Y,hours
779,Megan Brown,369-13-1123,"91885 Hodges Crossing
East Jennifer, MO 66415",N,hours
780,James White,671-07-2713,"92225 Kimberly Neck Apt. 218
New Javier, NJ 28568",Y,miles
781,Sharon White,585-66-1026,"4501 Tucker Plaza
Martinhaven, WY 69827",Y,hours
782,Mary Taylor,321-62-9806,"793 Robert Valleys Apt. 451
Richardsonmouth, FM 91870",N,miles
783,Kara Hall,687-06-3957,"PSC 1507, Box 9138
APO AA 39759",N,hours
784,Stephanie Randolph,098-24-8142,"234 Mcdonald Village Suite 471
North Shelleyshire, MD 79951",Y,miles
785,Jeffery Clark,543-35-0528,"2640 Williams Fort Apt. 762
Port Nicole, NH 93097",N,miles
786,Mrs. Heather Edwards,172-36-3629,"764 Megan Skyway
Ericaside, VA 27175",Y,miles
787,Andrew Baird,214-31-9778,"6608 Martin Road Suite 510
East Tony, AR 08173",Y,hours
788,Tammy Kim,071-18-9509,"29592 Morris Dale Suite 472
Robertsonton, NE 75431",N,miles
789,John Delgado,785-19-9304,"Unit 9296 Box 9875
DPO AE 89179",N,miles
790,Richard Delgado,735-53-5424,"7906 Joanne Valleys
Fowlerview, WY 60443",Y,hours
791,Abigail Bryant,404-89-5940,"5044 Myers Pike
Thomasville, NY 91814",N,hours
792,Jessica Holland,355-44-2551,"44796 Denise Village
Lake Nicholas, HI 10997",Y,hours
793,William Chen,051-40-5236,"Unit 7817 Box 2831
DPO AP 84160",Y,miles
794,Victoria Weaver,510-28-0904,"8158 Hunt Islands
Sergioside, MN 78546",N,miles
795,Aaron Young,866-58-8343,"260 Reilly Cove
Bridgetmouth, WY 26818",N,miles
796,Elizabeth Parks,117-13-2556,"866 Jocelyn Stream Suite 522
Johnsonside, SC 81403",N,hours
797,Eric Jimenez,685-02-5902,"USNV Wallace
FPO AE 65674",Y,miles
798,Jose Hughes,373-33-1010,"8648 Daniels Circles Apt. 107
Smithville, MH 63938",Y,hours
799,Carolyn Olson,690-66-1033,"90950 Everett Highway
Lake Maryborough, PA 27670",N,miles
800,Heather Powell,636-72-4756,"147 Vanessa Stravenue Suite 850
Roblesside, HI 82606",Y,miles
801,Jared Wood,781-80-2458,"607 Christopher Flats
Port Brittanyhaven, NY 12567",Y,miles
802,Joshua Mahoney,896-48-6797,"6076 Michelle Spring
Lake Elizabethfort, AS 52490",Y,hours
803,Raymond Cohen,510-05-8289,"6164 Kennedy Lodge
Gabrielshire, AL 67768",N,miles
804,Brandon Guzman,410-84-9159,"912 Adam Extension
North Tinashire, CO 26890",Y,miles
805,Shirley Johnson,129-33-1186,"5389 David Route
Ronaldmouth, OK 92757",Y,miles
806,Maria Salazar,286-40-4057,"00091 Margaret Pike Suite 451
Luisland, NJ 69114",Y,hours
807,Shawn Murray,190-14-1486,"12501 Marco Forest Suite 703
Hendricksmouth, AZ 58031",Y,miles
808,Jason Lambert,299-19-6029,"7082 Mccoy Glens Apt. 380
Martinezside, AR 49278",N,miles
809,Jennifer Solomon,141-62-6697,"96123 John Courts
Port Bradleymouth, MN 93597",N,miles
810,Michael Moore,212-12-2684,"280 Hicks Stravenue
Smithton, MH 16576",Y,hours
811,Scott Sullivan,054-11-0950,"58061 Mary Place
Douglasstad, MS 40729",N,miles
812,John Griffin,539-51-9920,"13968 Joshua Ford
Port Jackville, AS 96551",Y,hours
813,Frank Taylor,747-55-0761,"24089 Tiffany Harbors
Lake Kyle, VI 88181",Y,hours
814,John Armstrong,622-04-6448,"21742 Keith Mill
East Amymouth, IN 27139",Y,hours
815,Matthew Hickman,571-70-0348,"05281 Park Park
South Jodi, IA 61624",Y,miles
816,Jared Riley,685-80-6817,"289 Wells Shores Apt. 785
East Jeremy, WV 32553",N,hours
817,John Garcia,546-54-5991,"565 William Mountains Apt. 911
Charleschester, KS 94199",Y,hours
818,Jay Lowe,720-61-0645,"PSC 9215, Box 6575
APO AE 10969",Y,miles
819,Lisa Chandler,377-15-0310,"896 Jones Via
Matthewshire, NM 15309",N,hours
820,Anthony Haas,169-49-3317,"796 Davis Mews Suite 352
Hayleyside, CO 41121",N,miles
821,John Pena,727-64-0446,"USNS Stout
FPO AP 57057",N,hours
822,Angela Gardner,805-60-5241,"76391 Miller Drive Apt. 078
South Sherylbury, NV 85386",N,hours
823,James Bryan,523-73-1221,"USNS Taylor
FPO AP 39977",Y,miles
824,Amy Ellis,276-18-1577,"04448 Smith Via Apt. 346
East Pamelafurt, VT 58996",N,miles
825,Anthony Banks,110-34-6647,"76074 Riley Burgs
North Taylor, MH 54758",N,hours
826,Keith Hunter,820-21-0356,"2400 Mcmahon Neck
Mendozahaven, ME 29828",Y,miles
827,John Webb,823-45-7017,"31726 Bird Lock Suite 428
Chavezton, GU 38937",N,miles
828,Kevin Howard,624-28-3929,"405 Rodriguez Knolls
Normanmouth, KY 20980",N,miles
829,Michael Wilson,146-08-3797,"854 Garner Ramp
Donovanside, MO 94452",N,hours
830,Elizabeth Lynch,504-93-4746,"839 Hailey Rapid
Gomezfort, PA 36018",N,miles
831,Morgan Collins,799-93-3746,"3505 Catherine Courts
South Brandy, WI 42736",N,hours
832,Cindy Collins,881-64-4464,"3567 Lisa Mission Suite 321
Mosleyburgh, KY 89356",Y,hours
833,Joshua Torres,186-15-2354,"6118 Ibarra Hollow
West Jordanstad, MS 21711",Y,miles
834,Amanda Luna,863-55-7369,"1289 Michelle Radial
South Johnborough, GU 91760",N,miles
835,Samuel Houston,530-60-4414,"Unit 6199 Box 1548
DPO AA 34718",Y,hours
836,Shawn Cummings,223-81-9854,"2545 Le Mount Suite 876
New Cameron, AK 81240",Y,hours
837,Brittany Gomez,351-87-6863,"564 Johnson Lane
North Jeffreymouth, WI 42137",N,miles
838,James Robinson,132-03-3510,"547 Eddie Falls
Barnesmouth, CO 01785",Y,hours
839,Rachel Alvarez,033-48-0186,"33668 George Parks Suite 432
Kaylamouth, NC 08737",Y,miles
840,Michael Adams,846-12-1558,"451 Williams Inlet
New Thomas, WV 37533",N,miles
841,Suzanne Lee,107-07-8129,"627 Rodriguez Field Suite 404
North Susanville, NJ 94455",Y,hours
842,Daniel Hunt,197-15-0831,"37554 Mays Grove
Port Samantha, MD 50040",Y,miles
843,Margaret Fox,601-04-6071,"491 Juarez Stravenue
Port Tiffany, WA 98097",Y,miles
844,Richard Hall,646-01-9062,"834 Ross Valleys
Johnsonhaven, VT 69538",Y,miles
845,Amanda Parker,540-46-7915,"39160 Marcus Isle
New Johnburgh, GA 00732",Y,hours
846,Raymond Rocha,443-70-1734,"11772 Alexander Prairie
New Stephen, AZ 01908",Y,hours
847,Kristi Taylor,482-93-5507,"54893 Alyssa Valleys Apt. 531
Port Jenniferhaven, IN 56865",Y,hours
848,Eddie Wright,876-52-5970,"Unit 6397 Box 1798
DPO AP 08408",N,hours
849,Matthew Thomas,455-11-7933,"12025 Jeffery Ville
East Nathanmouth, WV 29046",Y,miles
850,Morgan Carter,154-85-0048,"658 Schwartz Drive
North Emily, FM 61436",Y,miles
851,Brian Goodwin,256-47-7089,"459 Kemp Forge Apt. 099
Avilaview, RI 78733",Y,miles
852,Sean Marshall,809-45-9020,"3790 Bell Keys Suite 244
New Stephen, AZ 77652",N,miles
853,Lisa Wheeler,602-77-0020,"026 Moore Streets Apt. 724
Port Austinview, SD 19583",Y,miles
854,Laurie Smith,327-07-5076,"7882 Gibbs Plaza
West Patrick, AS 31590",N,hours
855,Brittany Young,550-34-6623,"9191 David Groves Apt. 403
Port Bruce, OK 23013",Y,miles
856,David Palmer,772-07-2816,"32918 Bradley Isle
Lake Scottstad, OH 45002",Y,hours
857,Vincent Huffman,251-84-8244,"37979 Bowers Ranch Apt. 128
West Michael, ND 86839",N,hours
858,Terry Thompson,156-65-4933,"1350 Dickson Fort Suite 325
North Sarah, MH 32160",N,hours
859,Craig Sharp,844-77-6418,"60079 Leonard Meadow
West Williamview, AS 98096",N,hours
860,Marc Malone,668-30-4858,"678 Lopez Spring Apt. 648
East Laura, AR 13628",Y,hours
861,Jorge Moore,008-27-6312,"43348 Lamb Haven Suite 705
East Lisaside, IN 12794",Y,miles
862,Karina Smith,233-55-3335,"53391 Hawkins Expressway
West Chelseaside, TX 51177",Y,miles
863,David Paul,530-03-5576,"256 James Dam
Sharonhaven, MS 55358",Y,hours
864,Marcus Bennett,181-75-1213,"24953 Monroe Estate
Port Kathleenstad, TN 06819",N,hours
865,Brandy Chapman,244-88-5666,"14556 Guzman Shore Apt. 548
New Brianberg, AL 59899",N,miles
866,Suzanne Cooper,005-41-3365,"34525 Farrell Manor Suite 925
West Catherine, TN 18938",N,miles
867,Morgan Taylor,117-26-1169,"64702 Whitney Via Apt. 402
Port Courtney, LA 43734",Y,hours
868,Justin Allen,321-41-5125,"859 Smith Road Suite 504
Millerfort, DC 10785",Y,hours
869,Christine Frye,446-86-4127,"Unit 5900 Box 2452
DPO AA 04599",N,miles
870,Ronald Thompson,113-22-2568,"895 Daniel Stravenue
Stewartville, HI 66675",N,hours
871,Taylor Figueroa,750-34-8753,"8410 Herrera Stravenue
Jeffreymouth, MH 70435",N,miles
872,Luis Williams,391-36-4455,"3273 Brown Village
Johnsontown, VA 48641",Y,miles
873,Alan Cruz,084-30-5253,"9594 Bethany Mountain Suite 608
East Charlesside, WI 31651",N,miles
874,Renee Gross,204-42-6958,"755 David Islands
Velasqueztown, DC 29310",Y,miles
875,Tyler Hanson,864-72-9598,"66057 Smith Throughway Suite 660
Morristown, OH 55442",N,miles
876,Vincent Taylor,567-92-7239,"6358 Christopher Islands Suite 811
Port Lauriemouth, MN 21500",N,miles
877,Barbara Lyons,002-21-2331,"665 Emily Ville
Carlaside, TN 31036",N,hours
878,Dawn Mcclure,667-93-4773,"16350 Whitehead Route Suite 986
New Debbieport, UT 90370",N,miles
879,Jennifer Clark,696-45-7865,"61429 Holly Road Suite 923
New Lauraside, MO 99785",N,hours
880,Russell Lee,749-17-4205,"000 Jessica Squares Apt. 980
North Trevor, MN 51713",N,hours
881,Denise Alexander,644-18-5962,"5848 Ramirez River
Lake Arthurchester, MN 41953",Y,miles
882,Julie Mcguire,468-64-2320,"3238 Jordan Heights
North Teresaberg, PR 74498",N,miles
883,Casey Cameron,537-21-8752,"74072 Rodriguez Trafficway Apt. 631
West Melissaburgh, WI 96455",N,miles
884,Barbara Soto,619-61-7248,"786 Karen Station
Juliaburgh, WA 55253",N,hours
885,James Anderson,522-16-4413,"8403 Michael Lights Apt. 382
Wellsport, UT 23006",Y,miles
886,Heather Alvarado,730-36-8078,"6308 Watkins Mill Apt. 461
Riveraton, AZ 59546",Y,miles
887,Jacqueline Anderson,507-06-6931,"94491 Frye Plaza Suite 361
East Debra, MO 18296",N,hours
888,Crystal Johnson,774-59-4085,"0340 Stein Park
Mitchellborough, CT 71517",N,hours
889,Holly Kim,034-94-5157,"35454 Curtis Hollow
Port Marvinville, SC 77376",N,hours
890,Adam Nichols,147-64-0201,"USNS Walker
FPO AA 39386",N,hours
891,Bryan Wolf,283-20-5384,"768 White Passage
Sarahburgh, DC 04192",Y,miles
892,Linda Reed,565-25-6994,"5531 Frazier Underpass Suite 752
Rebeccaburgh, WA 14562",Y,hours
893,Dakota Trujillo,021-48-6849,"575 Wright Ferry Suite 247
Arnoldville, MO 92194",Y,miles
894,Cristian Rivas,844-23-4312,"689 Strickland Road
West Sharon, DE 31952",Y,miles
895,Sean Jackson,198-70-5584,"124 Larry Ferry Suite 651
Gravesland, WV 15701",N,miles
896,Kathryn Crawford,111-59-4857,"763 Joseph Brooks
North Victoriafurt, AL 13266",N,miles
897,Jake Harper,047-23-7303,"PSC 6775, Box 3768
APO AA 62940",N,miles
898,Tyler Peterson,672-69-5549,"48883 Marshall Ridges Apt. 895
West Derrickburgh, SD 85438",N,miles
899,Tiffany Hernandez,660-75-2225,"514 Peter Ports
Port Yvetteberg, MD 01068",N,miles
900,Angel Hahn DVM,278-33-7807,"2923 York Branch
North Crystal, MH 61245",Y,miles
901,Samantha Mcdonald,423-79-0383,"707 Phillips Club Apt. 413
South Susan, WY 67389",N,miles
902,Joseph Dunlap,247-85-6928,"622 Hunter Mount Apt. 469
Lake Stevenburgh, MN 48615",N,hours
903,John Rodriguez,507-30-5414,"396 Nicholas Trail
East Darrylshire, WA 76025",N,miles
904,Stephanie Ramirez,483-49-5380,"453 Jeremiah Gateway
Port Michael, NC 70828",N,miles
905,Alan White,054-05-9162,"PSC 6044, Box 9983
APO AE 24177",Y,hours
906,Jessica Larsen,830-80-8927,"616 Peterson Fords Suite 504
Port Dana, NC 89301",N,miles
907,Jeffery Cochran,406-89-1059,"58065 Turner Passage Suite 254
East Mirandachester, MA 22191",Y,miles
908,Luke Bryant,036-91-2444,"919 Gerald Neck Apt. 835
Bennetthaven, NY 26769",Y,miles
909,Richard Levy,752-21-8546,"Unit 1014 Box 5610
DPO AA 60646",Y,hours
910,Laurie Miles,319-36-3659,"4607 Michael Points
Harriston, TX 65489",Y,hours
911,James Green,015-22-5730,"53392 Ayers Burg Apt. 900
Sandrachester, VT 17514",N,hours
912,Yesenia Cross,806-20-7700,"710 Klein Wells Suite 755
New Regina, KS 88328",N,miles
913,Lisa Ellis,054-61-2454,"779 Gomez Lock
North Abigailland, DC 86344",Y,hours
914,Victoria Adams,703-92-0784,"299 Hannah Oval
West Christinefurt, KY 07158",Y,hours
915,Dawn Dunn,726-86-1988,"0690 Andre Ports
Jamiehaven, PA 17364",Y,miles
916,Joy Parks,777-92-0153,"17906 Fritz Highway
Port Shane, CT 65145",N,miles
917,Christopher Stephens,723-94-2412,"5818 Amy Tunnel
Nicholaston, NC 47693",N,miles
918,Amy Franco,343-18-4631,"80599 Navarro Skyway
South Alyssa, AK 52547",Y,miles
919,Brandy Zimmerman,244-05-7432,"097 Thomas Viaduct
Barryberg, OH 36309",N,miles
920,Gloria Griffin DVM,724-49-7175,"Unit 8284 Box 2580
DPO AE 72028",N,hours
921,Lisa Pena,187-28-8148,"588 Kayla Ramp Suite 194
New Craigport, OR 21931",Y,hours
922,Timothy Benson,653-16-1145,"472 Sandra Centers Suite 073
Berrymouth, WA 46836",Y,hours
923,Christine Houston,387-14-6960,"113 Myers Hills
Port Christopher, NY 31311",N,miles
924,Ann Guerra,249-34-1132,"002 Danielle Wells Apt. 983
Perezmouth, VA 25401",N,miles
925,Victoria Reed,426-45-1638,"77441 Hampton Spring Suite 346
East Genemouth, AK 63388",Y,miles
926,Tyler Williams,196-83-4744,"3599 Elizabeth Orchard Suite 693
West Cheryl, OK 86415",Y,miles
927,Cynthia Turner,365-80-9706,"1576 Daniel Lane Apt. 165
Torreschester, WA 71763",Y,hours
928,Denise Duncan,844-58-3971,"008 Fisher Valley Suite 025
Port Jeanette, NV 26684",N,miles
929,Dana Martinez,084-74-7654,"30646 Colon Forks
Greermouth, HI 51663",N,miles
930,Elizabeth Campbell,899-78-3719,"8117 Brown Cliff Apt. 042
New Michelle, NJ 22859",Y,hours
931,Joshua Adams,199-40-7248,"77289 Cook Lodge
Lake Debra, AR 61165",Y,hours
932,Melissa Lopez,704-12-6816,"17937 Ruiz Bridge
South Tiffanyborough, WA 82141",Y,miles
933,Monique Miller,407-84-2792,"1379 Bryant Valley
West Meghanville, ME 42175",N,miles
934,Mr. Fernando Lane PhD,822-55-7476,"75661 Dylan Terrace Suite 817
Espinozabury, HI 97300",N,hours
935,Amber Thornton,599-97-7658,"43275 Angela Key Apt. 251
Lake Jeffreyberg, KY 40681",Y,miles
936,Nicole Banks,466-43-4885,"4244 Dennis Street Suite 917
Lake Pattyshire, SD 97274",N,miles
937,Catherine Mcgee,021-61-4693,"36115 Kristin Plains
South Kelli, MT 53507",N,hours
938,Amy Henson,238-76-7235,"237 Newton Stravenue
Port Nancy, IA 86811",Y,miles
939,Matthew Harvey,156-36-7763,"17498 Kirk Pine Suite 866
Alfredburgh, MI 58816",Y,miles
940,Timothy Burke,563-79-0713,"238 Lopez Spur Apt. 616
Lake Cynthia, TN 31770",N,hours
941,Lisa White,181-60-3265,"0270 Lindsey Islands
Rileyborough, AZ 94007",Y,hours
942,Steven Brooks,288-78-7739,"55589 Anderson Meadow Suite 254
North Jason, AK 76483",N,miles
943,James Weeks,590-77-1666,"93237 Sarah Mountains
Adamsstad, IL 50147",N,miles
944,Randall Patrick,817-80-5176,"8418 Wright Cape
Tarastad, CA 21900",N,miles
945,Michael Barker,304-47-6506,"533 Garrett Garden
West Amandaland, NM 33814",N,hours
946,Andre Edwards,108-58-6659,"8292 Janet Squares Suite 471
North Alexander, FL 51094",N,hours
947,Nina Burton,487-39-4367,"0731 Kelley Hills
South James, WV 51925",Y,miles
948,Dale Smith,123-35-0879,"PSC 1784, Box 0680
APO AA 32516",N,hours
949,Karla Kemp,725-32-0629,"007 Underwood Isle Apt. 189
Janetfurt, MS 04818",Y,miles
950,Zachary Mack,705-89-1000,"8981 Julie Burgs Suite 707
North Nicole, TX 33281",Y,miles
951,Jerry Smith,685-70-0066,"79973 Richardson Streets
Williamsberg, GU 46574",Y,hours
952,Jessica Manning,848-54-8642,"451 Lopez Burgs
Villarrealberg, AS 51449",Y,hours
953,Kristina Mueller,247-47-1804,"12481 Goodman Mills Suite 515
North Mark, AS 63273",Y,miles
954,Nicholas Harmon,694-59-7550,"19033 Fields Prairie Apt. 457
Hamptonfurt, MI 97288",N,miles
955,Ashley Anderson,082-41-5547,"46929 Thomas Course Apt. 939
Millermouth, PR 65167",N,miles
956,Jeffrey Smith,237-83-7698,"16737 Patricia Crescent
Johnstad, AS 96947",N,hours
957,Rachael Hughes,113-64-0214,"332 Suzanne Viaduct Suite 929
Port Christopher, NH 06539",N,miles
958,Melissa Brown,073-31-7918,"733 Tyrone Hill
Haynesburgh, WV 29893",N,miles
959,Patrick Wilkerson,209-21-9111,"6150 Rodriguez Plaza
Thomasborough, AL 30936",N,miles
960,Kyle Schwartz,577-34-8257,"562 Bailey Village Suite 009
Thompsonside, FL 50160",N,miles
961,Michael Ruiz,575-84-5871,"Unit 8353 Box 5954
DPO AE 22528",N,miles
962,Susan Jones,833-42-9445,"358 Nathaniel Gardens
East Luisburgh, GU 32248",N,hours
963,Benjamin Williams,013-20-0490,"9084 Russell Loaf
Payneshire, RI 07540",N,miles
964,Steven Mcdonald,423-83-4525,"8630 Vega Court Suite 453
Huynhstad, NH 59009",N,miles
965,Amanda Francis,362-58-0750,"939 Stout Crest
Roberthaven, OR 15290",N,hours
966,Michelle Bean,383-64-4294,"939 Steven Pines Apt. 121
Lake Davidport, AS 41875",Y,miles
967,Barbara Smith,689-01-0034,"4447 Marilyn Locks
Selenaton, NM 06718",N,miles
968,Danny Silva,327-32-1673,"07618 Evan Locks
North Patriciaburgh, AR 13186",N,miles
969,Travis Lin,023-12-2479,"0395 Ramirez Drives
Port Matthew, MH 19279",N,hours
970,Janet Alexander,372-78-1385,"2662 Brown Plain Apt. 789
North Tammychester, PR 54579",Y,hours
971,Donna Christensen,175-33-1977,"5387 Ramirez Rest Suite 015
Timothyfort, HI 24573",Y,hours
972,Sabrina Bush,410-51-6879,"9401 Perez Keys
Matthewfurt, SC 65391",Y,hours
973,Heather Ramirez,162-45-4480,"99838 Jackson Summit Suite 615
Wesleyport, VA 22917",Y,hours
974,David Becker,760-98-8311,"84570 Young Knoll
Doughertybury, TX 10277",N,hours
975,Joanne Stone,453-18-7694,"4274 Peterson Divide Apt. 505
East Heatherland, MD 41952",Y,hours
976,Adam Owens,607-97-0895,"008 Mitchell Route
West Robert, LA 41800",Y,hours
977,Curtis Jones,076-43-9916,"019 Martin Place
North Faith, NC 42909",N,hours
978,Ryan Garcia,148-13-7849,"5637 Ellis Point Suite 740
Melissaport, SD 30268",Y,hours
979,Sandra Allen,452-87-8365,"944 Kelly Spurs
Crystalville, AL 46033",N,miles
980,Kyle Thompson,693-10-5170,"66975 Sarah Shoals
Sandersland, MH 64540",N,hours
981,Andre Mcmillan,625-93-5913,"99425 Kristin Fall
South Katelynport, IN 52645",N,hours
982,Jacob Ellison,508-01-3490,"047 Hurley Park
South Jordan, AR 08336",N,miles
983,Sierra Cooper,632-83-1115,"112 Darlene Mill
South Keithmouth, OH 23890",N,hours
984,Karen Martin,587-22-2854,"PSC 1262, Box 2723
APO AA 01903",N,miles
985,Morgan Morrison,280-64-0974,"USNS Ballard
FPO AP 68374",Y,hours
986,Kaitlin Jennings,873-82-7506,"52784 Christine Club Apt. 024
New Whitneystad, SD 35497",Y,miles
987,Tyler Francis,345-95-9607,"006 Jamie Park Suite 129
Wattsberg, OH 65851",Y,hours
988,Richard Thomas,782-11-8270,"22125 Hardy Parkway
North Taylorton, MD 98395",N,miles
989,Tiffany Rodriguez,442-06-5055,"04799 Tanya Plains Suite 161
Christinafurt, MD 83710",Y,miles
990,Wanda Campbell MD,514-51-6409,"768 Farmer Radial Suite 798
East Marcusmouth, UT 18240",Y,hours
991,Cynthia Simmons,605-33-6565,"5917 Matthew Union
South Krystal, AR 81215",N,miles
992,Patricia Smith,366-57-4639,"799 Corey Estates Apt. 352
Youngshire, WY 51739",N,hours
993,Andrea Little,583-02-1903,"700 Nancy Mall Apt. 040
Briantown, LA 61530",Y,hours
994,Madison Collins,219-75-2468,"4869 Michael Run Apt. 737
West Beckyport, DE 03696",N,miles
995,Joshua Haynes,604-66-4468,"282 Bruce Glen Suite 317
Port Loriview, OH 17935",Y,hours
996,Donna Wilson,754-61-7903,"625 Brown Park Apt. 001
Evanburgh, TX 47895",N,miles
997,Erin Alexander,563-23-1774,"3603 Kevin Manor Suite 156
Sarahchester, MA 45960",N,hours
998,Robert Miranda,427-78-7698,"718 Shelley Springs
Lake Amanda, AS 44631",N,miles
999,Sandra Williams,287-42-5175,"70888 Jason Mountains Apt. 211
Webbfort, WV 14255",Y,miles
1000,Becky West,191-21-9028,"45680 Gregory Trace Suite 107
Olsenhaven, TN 44191",Y,hours
1001,Sharon Lopez,670-63-0483,"Unit 2127 Box 7041
DPO AE 19604",Y,miles
1002,Shane Johnson,657-89-4045,"1234 Murphy Circle
Pittsstad, DE 17596",Y,miles
1003,Brett Lopez,699-49-8658,"4746 Jeremiah Harbors
East Curtisbury, AK 96234",N,miles
1004,Regina Patel,048-12-6438,"411 Miller Lodge Apt. 958
West Brett, WI 59149",N,miles
1005,Kari Gentry,438-43-1852,"983 Marissa Key
Thomasside, RI 70792",Y,miles
1006,Zachary Gordon,039-30-5612,"873 Jill Rest Apt. 448
New Travis, SC 80146",N,hours
1007,Joseph Thomas,753-45-7208,"89856 Michael Shore
North Justinview, UT 66703",N,hours
1008,Destiny Zimmerman,123-26-1880,"PSC 3337, Box 8583
APO AP 73658",N,hours
1009,Mary Miller MD,464-82-9773,"156 Timothy Cliff Suite 467
Lake Sandraview, WY 63511",N,miles
